nct_id,snapshot_months,start_year,label,duration_days,phase_num,sponsor_num,is_industry,log_planned_enrollment,n_arms,n_countries,is_multinational,n_primary_outcomes,log_n_eligibility_chars,has_drug,has_device,has_biological,n_sites,n_status_changes,had_suspension,n_amendments,enrollment_velocity,enrollment_still_anticipated,status_is_recruiting,status_is_active_not_rec,status_is_suspended,status_is_not_yet_rec,elapsed_days
NCT01205711,3,2010,0,884.0,2,4,0,4.718498871295094,0,1,0,1,7.992944547318106,1,0,0,4,0,0,0,1.2197802197802199,0,0,0,0,0,91
NCT01205711,6,2010,0,884.0,2,4,0,4.718498871295094,0,1,0,1,7.992944547318106,1,0,0,4,0,0,0,0.6098901098901099,0,0,0,0,0,182
NCT01205711,12,2010,0,884.0,2,4,0,4.718498871295094,0,1,0,1,7.992944547318106,1,0,0,4,0,0,0,0.30494505494505497,0,0,0,0,0,364
NCT00671034,3,2008,0,4636.0,3,4,0,5.117993812416755,2,1,0,1,7.3613754289773485,1,0,0,27,0,0,0,1.8241758241758241,0,0,0,0,0,91
NCT00671034,6,2008,0,4636.0,3,4,0,5.117993812416755,2,1,0,1,7.3613754289773485,1,0,0,27,0,0,0,0.9120879120879121,0,0,0,0,0,182
NCT00671034,12,2008,0,4636.0,3,4,0,5.117993812416755,2,1,0,1,7.3613754289773485,1,0,0,27,0,0,0,0.45604395604395603,0,0,0,0,0,364
NCT02601209,3,2015,1,2415.0,1,1,0,5.0238805208462765,2,1,0,2,8.628913441026645,1,0,0,460,0,0,0,1.6593406593406594,0,0,0,0,0,91
NCT02601209,6,2015,1,2415.0,1,1,0,5.0238805208462765,2,1,0,2,8.628913441026645,1,0,0,460,0,0,0,0.8296703296703297,0,0,0,0,0,182
NCT02601209,12,2015,1,2415.0,1,1,0,5.0238805208462765,2,1,0,2,8.628913441026645,1,0,0,460,0,0,0,0.41483516483516486,0,0,0,0,0,364
NCT01495598,3,2012,0,3780.0,1,1,0,3.367295829986474,2,1,0,7,8.921190556249368,1,0,0,1,0,0,0,0.3076923076923077,0,0,0,0,0,91
NCT01495598,6,2012,0,3780.0,1,1,0,3.367295829986474,2,1,0,7,8.921190556249368,1,0,0,1,0,0,0,0.15384615384615385,0,0,0,0,0,182
NCT01495598,12,2012,0,3780.0,1,1,0,3.367295829986474,2,1,0,7,8.921190556249368,1,0,0,1,0,0,0,0.07692307692307693,0,0,0,0,0,364
NCT02591784,3,2008,0,1125.0,2,4,0,3.7612001156935624,1,1,0,1,6.62273632394984,1,0,0,5,0,0,0,0.46153846153846156,0,0,0,0,0,91
NCT02591784,6,2008,0,1125.0,2,4,0,3.7612001156935624,1,1,0,1,6.62273632394984,1,0,0,5,0,0,0,0.23076923076923078,0,0,0,0,0,182
NCT02591784,12,2008,0,1125.0,2,4,0,3.7612001156935624,1,1,0,1,6.62273632394984,1,0,0,5,0,0,0,0.11538461538461539,0,0,0,0,0,364
NCT04247984,3,2018,0,1371.0,2,4,0,5.579729825986222,2,1,0,1,8.18088094199639,1,0,1,1,0,0,0,2.901098901098901,0,0,0,0,0,91
NCT04247984,6,2018,0,1371.0,2,4,0,5.579729825986222,2,1,0,1,8.18088094199639,1,0,1,1,0,0,0,1.4505494505494505,0,0,0,0,0,182
NCT04247984,12,2018,0,1371.0,2,4,0,5.579729825986222,2,1,0,1,8.18088094199639,1,0,1,1,0,0,0,0.7252747252747253,0,0,0,0,0,364
NCT00267033,3,2005,0,1004.0,3,4,0,5.231108616854587,1,1,0,3,6.327936783729195,0,0,0,1,0,0,0,2.043956043956044,0,0,0,0,0,91
NCT00267033,6,2005,0,1004.0,3,4,0,5.231108616854587,1,1,0,3,6.327936783729195,0,0,0,1,0,0,0,1.021978021978022,0,0,0,0,0,182
NCT00267033,12,2005,0,1004.0,3,4,0,5.231108616854587,1,1,0,3,6.327936783729195,0,0,0,1,0,0,0,0.510989010989011,0,0,0,0,0,364
NCT00522249,3,2007,1,427.0,1,4,0,2.3978952727983707,1,1,0,1,8.16735198705607,1,0,0,1,0,0,0,0.10989010989010989,0,0,0,0,0,91
NCT00522249,6,2007,1,427.0,1,4,0,2.3978952727983707,1,1,0,1,8.16735198705607,1,0,0,1,0,0,0,0.054945054945054944,0,0,0,0,0,182
NCT00522249,12,2007,1,427.0,1,4,0,2.3978952727983707,1,1,0,1,8.16735198705607,1,0,0,1,0,0,0,0.027472527472527472,0,0,0,0,0,364
NCT01413438,3,2011,1,804.0,2,1,0,0.0,0,0,0,1,7.637716432664798,0,0,0,0,0,0,0,0.0,0,0,0,0,0,91
NCT01413438,6,2011,1,804.0,2,1,0,0.0,0,0,0,1,7.637716432664798,0,0,0,0,0,0,0,0.0,0,0,0,0,0,182
NCT01413438,12,2011,1,804.0,2,1,0,0.0,0,0,0,1,7.637716432664798,0,0,0,0,0,0,0,0.0,0,0,0,0,0,364
NCT04221438,3,2021,1,1227.0,2,4,0,1.3862943611198906,1,1,0,1,9.145054905277552,1,0,0,10,0,0,0,0.03296703296703297,0,0,0,0,0,91
NCT04221438,6,2021,1,1227.0,2,4,0,1.3862943611198906,1,1,0,1,9.145054905277552,1,0,0,10,0,0,0,0.016483516483516484,0,0,0,0,0,182
NCT04221438,12,2021,1,1227.0,2,4,0,1.3862943611198906,1,1,0,1,9.145054905277552,1,0,0,10,0,0,0,0.008241758241758242,0,0,0,0,0,364
NCT00790855,3,2008,1,1216.0,1,4,0,3.332204510175204,1,1,0,1,8.2960476427647,1,0,0,1,0,0,0,0.2967032967032967,0,0,0,0,0,91
NCT00790855,6,2008,1,1216.0,1,4,0,3.332204510175204,1,1,0,1,8.2960476427647,1,0,0,1,0,0,0,0.14835164835164835,0,0,0,0,0,182
NCT00790855,12,2008,1,1216.0,1,4,0,3.332204510175204,1,1,0,1,8.2960476427647,1,0,0,1,0,0,0,0.07417582417582418,0,0,0,0,0,364
NCT01414855,3,2011,0,1941.0,2,0,1,4.61512051684126,1,1,0,2,7.4413203897176174,1,0,0,38,0,0,0,1.098901098901099,0,0,0,0,0,91
NCT01414855,6,2011,0,1941.0,2,0,1,4.61512051684126,1,1,0,2,7.4413203897176174,1,0,0,38,0,0,0,0.5494505494505495,0,0,0,0,0,182
NCT01414855,12,2011,0,1941.0,2,0,1,4.61512051684126,1,1,0,2,7.4413203897176174,1,0,0,38,0,0,0,0.27472527472527475,0,0,0,0,0,364
NCT00698815,3,2008,0,1325.0,2,1,0,4.875197323201151,3,1,0,1,8.69483715865908,1,0,0,129,0,0,0,1.4285714285714286,0,0,0,0,0,91
NCT00698815,6,2008,0,1325.0,2,1,0,4.875197323201151,3,1,0,1,8.69483715865908,1,0,0,129,0,0,0,0.7142857142857143,0,0,0,0,0,182
NCT00698815,12,2008,0,1325.0,2,1,0,4.875197323201151,3,1,0,1,8.69483715865908,1,0,0,129,0,0,0,0.35714285714285715,0,0,0,0,0,364
NCT04264208,3,2020,1,1043.0,2,4,0,1.6094379124341003,2,1,0,3,6.60934924316738,1,1,0,1,0,0,0,0.04395604395604396,0,0,0,0,0,91
NCT04264208,6,2020,1,1043.0,2,4,0,1.6094379124341003,2,1,0,3,6.60934924316738,1,1,0,1,0,0,0,0.02197802197802198,0,0,0,0,0,182
NCT04264208,12,2020,1,1043.0,2,4,0,1.6094379124341003,2,1,0,3,6.60934924316738,1,1,0,1,0,0,0,0.01098901098901099,0,0,0,0,0,364
NCT02513199,3,2014,0,2618.0,2,4,0,3.4965075614664802,1,1,0,1,7.528869256642251,1,0,0,1,0,0,0,0.3516483516483517,0,0,0,0,0,91
NCT02513199,6,2014,0,2618.0,2,4,0,3.4965075614664802,1,1,0,1,7.528869256642251,1,0,0,1,0,0,0,0.17582417582417584,0,0,0,0,0,182
NCT02513199,12,2014,0,2618.0,2,4,0,3.4965075614664802,1,1,0,1,7.528869256642251,1,0,0,1,0,0,0,0.08791208791208792,0,0,0,0,0,364
NCT04327063,3,2020,0,542.0,3,4,0,5.209486152841421,2,1,0,1,7.238496840894365,1,0,0,4,0,0,0,2.0,0,0,0,0,0,91
NCT04327063,6,2020,0,542.0,3,4,0,5.209486152841421,2,1,0,1,7.238496840894365,1,0,0,4,0,0,0,1.0,0,0,0,0,0,182
NCT04327063,12,2020,0,542.0,3,4,0,5.209486152841421,2,1,0,1,7.238496840894365,1,0,0,4,0,0,0,0.5,0,0,0,0,0,364
NCT02394821,3,2013,0,730.0,3,4,0,3.2188758248682006,2,1,0,1,5.811140992976701,1,0,0,1,0,0,0,0.26373626373626374,0,0,0,0,0,91
NCT02394821,6,2013,0,730.0,3,4,0,3.2188758248682006,2,1,0,1,5.811140992976701,1,0,0,1,0,0,0,0.13186813186813187,0,0,0,0,0,182
NCT02394821,12,2013,0,730.0,3,4,0,3.2188758248682006,2,1,0,1,5.811140992976701,1,0,0,1,0,0,0,0.06593406593406594,0,0,0,0,0,364
NCT03701321,3,2019,1,489.0,1,1,0,0.0,3,1,0,2,9.470008697972764,1,0,1,3,0,0,0,0.0,0,0,0,0,0,91
NCT03701321,6,2019,1,489.0,1,1,0,0.0,3,1,0,2,9.470008697972764,1,0,1,3,0,0,0,0.0,0,0,0,0,0,182
NCT03701321,12,2019,1,489.0,1,1,0,0.0,3,1,0,2,9.470008697972764,1,0,1,3,0,0,0,0.0,0,0,0,0,0,364
NCT03399552,3,2017,0,1857.0,1,4,0,2.772588722239781,1,1,0,1,8.773229786032473,1,0,0,7,0,0,0,0.16483516483516483,0,0,0,0,0,91
NCT03399552,6,2017,0,1857.0,1,4,0,2.772588722239781,1,1,0,1,8.773229786032473,1,0,0,7,0,0,0,0.08241758241758242,0,0,0,0,0,182
NCT03399552,12,2017,0,1857.0,1,4,0,2.772588722239781,1,1,0,1,8.773229786032473,1,0,0,7,0,0,0,0.04120879120879121,0,0,0,0,0,364
NCT06775652,3,2018,0,2403.0,3,4,0,5.541263545158426,2,1,0,1,8.442038517815478,1,0,0,1,0,0,0,2.791208791208791,0,0,0,0,0,91
NCT06775652,6,2018,0,2403.0,3,4,0,5.541263545158426,2,1,0,1,8.442038517815478,1,0,0,1,0,0,0,1.3956043956043955,0,0,0,0,0,182
NCT06775652,12,2018,0,2403.0,3,4,0,5.541263545158426,2,1,0,1,8.442038517815478,1,0,0,1,0,0,0,0.6978021978021978,0,0,0,0,0,364
NCT04995978,3,2021,1,413.0,2,4,0,0.0,2,1,0,1,6.139884552226255,1,0,0,1,0,0,0,0.0,0,0,0,0,0,91
NCT04995978,6,2021,1,413.0,2,4,0,0.0,2,1,0,1,6.139884552226255,1,0,0,1,0,0,0,0.0,0,0,0,0,0,182
NCT04995978,12,2021,1,413.0,2,4,0,0.0,2,1,0,1,6.139884552226255,1,0,0,1,0,0,0,0.0,0,0,0,0,0,364
NCT00144378,3,2002,0,,3,4,0,3.8066624897703196,0,1,0,1,7.492760300922379,1,0,0,1,0,0,0,0.4835164835164835,0,0,0,0,0,91
NCT00144378,6,2002,0,,3,4,0,3.8066624897703196,0,1,0,1,7.492760300922379,1,0,0,1,0,0,0,0.24175824175824176,0,0,0,0,0,182
NCT00144378,12,2002,0,,3,4,0,3.8066624897703196,0,1,0,1,7.492760300922379,1,0,0,1,0,0,0,0.12087912087912088,0,0,0,0,0,364
NCT00057785,3,2003,0,5052.0,2,4,0,4.23410650459726,1,1,0,1,7.4067107301776405,1,0,0,17,0,0,0,0.7472527472527473,0,0,0,0,0,91
NCT00057785,6,2003,0,5052.0,2,4,0,4.23410650459726,1,1,0,1,7.4067107301776405,1,0,0,17,0,0,0,0.37362637362637363,0,0,0,0,0,182
NCT00057785,12,2003,0,5052.0,2,4,0,4.23410650459726,1,1,0,1,7.4067107301776405,1,0,0,17,0,0,0,0.18681318681318682,0,0,0,0,0,364
NCT00007943,3,2000,0,179.0,2,4,0,2.772588722239781,0,1,0,0,7.496652438168283,1,0,0,1,0,0,0,0.16483516483516483,0,0,0,0,0,91
NCT00514215,3,2006,0,1520.0,2,4,0,2.1972245773362196,1,1,0,1,8.153637486385282,0,0,1,1,0,0,0,0.08791208791208792,0,0,0,0,0,91
NCT00514215,6,2006,0,1520.0,2,4,0,2.1972245773362196,1,1,0,1,8.153637486385282,0,0,1,1,0,0,0,0.04395604395604396,0,0,0,0,0,182
NCT00514215,12,2006,0,1520.0,2,4,0,2.1972245773362196,1,1,0,1,8.153637486385282,0,0,1,1,0,0,0,0.02197802197802198,0,0,0,0,0,364
NCT00933335,3,1998,0,4383.0,2,0,1,3.6635616461296463,1,0,0,25,8.04044688130311,0,0,1,0,0,0,0,0.4175824175824176,0,0,0,0,0,91
NCT00933335,6,1998,0,4383.0,2,0,1,3.6635616461296463,1,0,0,25,8.04044688130311,0,0,1,0,0,0,0,0.2087912087912088,0,0,0,0,0,182
NCT00933335,12,1998,0,4383.0,2,0,1,3.6635616461296463,1,0,0,25,8.04044688130311,0,0,1,0,0,0,0,0.1043956043956044,0,0,0,0,0,364
NCT00868608,3,2009,0,1428.0,2,0,1,4.406719247264253,1,9,1,1,6.942156705699469,1,0,0,42,0,0,0,0.8901098901098901,0,0,0,0,0,91
NCT00868608,6,2009,0,1428.0,2,0,1,4.406719247264253,1,9,1,1,6.942156705699469,1,0,0,42,0,0,0,0.44505494505494503,0,0,0,0,0,182
NCT00868608,12,2009,0,1428.0,2,0,1,4.406719247264253,1,9,1,1,6.942156705699469,1,0,0,42,0,0,0,0.22252747252747251,0,0,0,0,0,364
NCT00020943,3,2001,0,3014.0,2,4,0,4.382026634673881,1,2,1,1,7.884576510596324,1,0,1,81,0,0,0,0.8681318681318682,0,0,0,0,0,91
NCT00020943,6,2001,0,3014.0,2,4,0,4.382026634673881,1,2,1,1,7.884576510596324,1,0,1,81,0,0,0,0.4340659340659341,0,0,0,0,0,182
NCT00020943,12,2001,0,3014.0,2,4,0,4.382026634673881,1,2,1,1,7.884576510596324,1,0,1,81,0,0,0,0.21703296703296704,0,0,0,0,0,364
NCT04238715,3,2020,0,2112.0,2,0,1,4.1588830833596715,1,2,1,1,8.19946419761216,1,0,0,56,0,0,0,0.6923076923076923,0,0,0,0,0,91
NCT04238715,6,2020,0,2112.0,2,0,1,4.1588830833596715,1,2,1,1,8.19946419761216,1,0,0,56,0,0,0,0.34615384615384615,0,0,0,0,0,182
NCT04238715,12,2020,0,2112.0,2,0,1,4.1588830833596715,1,2,1,1,8.19946419761216,1,0,0,56,0,0,0,0.17307692307692307,0,0,0,0,0,364
NCT03342911,3,2017,0,1058.0,2,4,0,3.5553480614894135,1,1,0,1,8.630878955820053,1,0,1,3,0,0,0,0.37362637362637363,0,0,0,0,0,91
NCT03342911,6,2017,0,1058.0,2,4,0,3.5553480614894135,1,1,0,1,8.630878955820053,1,0,1,3,0,0,0,0.18681318681318682,0,0,0,0,0,182
NCT03342911,12,2017,0,1058.0,2,4,0,3.5553480614894135,1,1,0,1,8.630878955820053,1,0,1,3,0,0,0,0.09340659340659341,0,0,0,0,0,364
NCT03563144,3,2018,1,1288.0,2,0,1,0.0,3,1,0,1,8.61104776688786,1,0,1,1,0,0,0,0.0,0,0,0,0,0,91
NCT03563144,6,2018,1,1288.0,2,0,1,0.0,3,1,0,1,8.61104776688786,1,0,1,1,0,0,0,0.0,0,0,0,0,0,182
NCT03563144,12,2018,1,1288.0,2,0,1,0.0,3,1,0,1,8.61104776688786,1,0,1,1,0,0,0,0.0,0,0,0,0,0,364
NCT05297864,3,2022,1,607.0,2,4,0,2.772588722239781,1,1,0,3,8.640648995343156,1,0,0,1,0,0,0,0.16483516483516483,0,0,0,0,0,91
NCT05297864,6,2022,1,607.0,2,4,0,2.772588722239781,1,1,0,3,8.640648995343156,1,0,0,1,0,0,0,0.08241758241758242,0,0,0,0,0,182
NCT05297864,12,2022,1,607.0,2,4,0,2.772588722239781,1,1,0,3,8.640648995343156,1,0,0,1,0,0,0,0.04120879120879121,0,0,0,0,0,364
NCT00691132,3,2009,0,1430.0,2,4,0,4.68213122712422,2,1,0,2,7.760893195851024,1,0,0,1,0,0,0,1.1758241758241759,0,0,0,0,0,91
NCT00691132,6,2009,0,1430.0,2,4,0,4.68213122712422,2,1,0,2,7.760893195851024,1,0,0,1,0,0,0,0.5879120879120879,0,0,0,0,0,182
NCT00691132,12,2009,0,1430.0,2,4,0,4.68213122712422,2,1,0,2,7.760893195851024,1,0,0,1,0,0,0,0.29395604395604397,0,0,0,0,0,364
NCT02244463,3,2015,0,2493.0,1,4,0,3.8501476017100584,6,1,0,3,8.262816937670928,1,0,0,3,0,0,0,0.5054945054945055,0,0,0,0,0,91
NCT02244463,6,2015,0,2493.0,1,4,0,3.8501476017100584,6,1,0,3,8.262816937670928,1,0,0,3,0,0,0,0.25274725274725274,0,0,0,0,0,182
NCT02244463,12,2015,0,2493.0,1,4,0,3.8501476017100584,6,1,0,3,8.262816937670928,1,0,0,3,0,0,0,0.12637362637362637,0,0,0,0,0,364
NCT00004921,3,1998,0,3287.0,3,4,0,0.0,0,9,1,0,6.8885724595653635,1,0,1,17,0,0,0,0.0,0,0,0,0,0,91
NCT00004921,6,1998,0,3287.0,3,4,0,0.0,0,9,1,0,6.8885724595653635,1,0,1,17,0,0,0,0.0,0,0,0,0,0,182
NCT00004921,12,1998,0,3287.0,3,4,0,0.0,0,9,1,0,6.8885724595653635,1,0,1,17,0,0,0,0.0,0,0,0,0,0,364
NCT01459614,3,2011,0,1827.0,2,4,0,3.8066624897703196,1,1,0,1,8.209852481301272,1,0,0,1,0,0,0,0.4835164835164835,0,0,0,0,0,91
NCT01459614,6,2011,0,1827.0,2,4,0,3.8066624897703196,1,1,0,1,8.209852481301272,1,0,0,1,0,0,0,0.24175824175824176,0,0,0,0,0,182
NCT01459614,12,2011,0,1827.0,2,4,0,3.8066624897703196,1,1,0,1,8.209852481301272,1,0,0,1,0,0,0,0.12087912087912088,0,0,0,0,0,364
NCT01399684,3,2011,0,823.0,2,0,1,4.852030263919617,2,5,1,1,8.346642090221199,1,0,0,40,0,0,0,1.3956043956043955,0,0,0,0,0,91
NCT01399684,6,2011,0,823.0,2,0,1,4.852030263919617,2,5,1,1,8.346642090221199,1,0,0,40,0,0,0,0.6978021978021978,0,0,0,0,0,182
NCT01399684,12,2011,0,823.0,2,0,1,4.852030263919617,2,5,1,1,8.346642090221199,1,0,0,40,0,0,0,0.3489010989010989,0,0,0,0,0,364
NCT01355484,3,2011,0,1066.0,3,0,1,5.7745515455444085,2,1,0,2,8.19118600464279,1,0,0,27,0,0,0,3.5274725274725274,0,0,0,0,0,91
NCT01355484,6,2011,0,1066.0,3,0,1,5.7745515455444085,2,1,0,2,8.19118600464279,1,0,0,27,0,0,0,1.7637362637362637,0,0,0,0,0,182
NCT01355484,12,2011,0,1066.0,3,0,1,5.7745515455444085,2,1,0,2,8.19118600464279,1,0,0,27,0,0,0,0.8818681318681318,0,0,0,0,0,364
NCT00529984,3,2007,0,973.0,1,0,1,3.367295829986474,5,1,0,1,7.790696031174738,0,0,1,1,0,0,0,0.3076923076923077,0,0,0,0,0,91
NCT00529984,6,2007,0,973.0,1,0,1,3.367295829986474,5,1,0,1,7.790696031174738,0,0,1,1,0,0,0,0.15384615384615385,0,0,0,0,0,182
NCT00529984,12,2007,0,973.0,1,0,1,3.367295829986474,5,1,0,1,7.790696031174738,0,0,1,1,0,0,0,0.07692307692307693,0,0,0,0,0,364
NCT00085826,3,2001,0,1340.0,3,0,1,6.398594934535208,0,1,0,0,2.995732273553991,1,0,0,114,0,0,0,6.593406593406593,0,0,0,0,0,91
NCT00085826,6,2001,0,1340.0,3,0,1,6.398594934535208,0,1,0,0,2.995732273553991,1,0,0,114,0,0,0,3.2967032967032965,0,0,0,0,0,182
NCT00085826,12,2001,0,1340.0,3,0,1,6.398594934535208,0,1,0,0,2.995732273553991,1,0,0,114,0,0,0,1.6483516483516483,0,0,0,0,0,364
NCT03155425,3,2017,0,1209.0,2,0,1,4.330733340286331,1,1,0,1,8.304989580140361,1,0,0,2,0,0,0,0.8241758241758241,0,0,0,0,0,91
NCT03155425,6,2017,0,1209.0,2,0,1,4.330733340286331,1,1,0,1,8.304989580140361,1,0,0,2,0,0,0,0.41208791208791207,0,0,0,0,0,182
NCT03155425,12,2017,0,1209.0,2,0,1,4.330733340286331,1,1,0,1,8.304989580140361,1,0,0,2,0,0,0,0.20604395604395603,0,0,0,0,0,364
NCT00004011,3,1999,0,4780.0,3,4,0,5.872117789475416,2,2,1,0,7.813591552952433,1,0,0,287,0,0,0,3.89010989010989,0,0,0,0,0,91
NCT00004011,6,1999,0,4780.0,3,4,0,5.872117789475416,2,2,1,0,7.813591552952433,1,0,0,287,0,0,0,1.945054945054945,0,0,0,0,0,182
NCT00004011,12,1999,0,4780.0,3,4,0,5.872117789475416,2,2,1,0,7.813591552952433,1,0,0,287,0,0,0,0.9725274725274725,0,0,0,0,0,364
NCT04305236,3,2020,1,573.0,2,4,0,0.6931471805599453,1,1,0,1,8.704833909687792,1,0,0,1,0,0,0,0.01098901098901099,0,0,0,0,0,91
NCT04305236,6,2020,1,573.0,2,4,0,0.6931471805599453,1,1,0,1,8.704833909687792,1,0,0,1,0,0,0,0.005494505494505495,0,0,0,0,0,182
NCT04305236,12,2020,1,573.0,2,4,0,0.6931471805599453,1,1,0,1,8.704833909687792,1,0,0,1,0,0,0,0.0027472527472527475,0,0,0,0,0,364
NCT01735071,3,2013,0,1721.0,2,4,0,4.276666119016055,2,1,0,2,8.246433786160365,1,0,0,7,0,0,0,0.7802197802197802,0,0,0,0,0,91
NCT01735071,6,2013,0,1721.0,2,4,0,4.276666119016055,2,1,0,2,8.246433786160365,1,0,0,7,0,0,0,0.3901098901098901,0,0,0,0,0,182
NCT01735071,12,2013,0,1721.0,2,4,0,4.276666119016055,2,1,0,2,8.246433786160365,1,0,0,7,0,0,0,0.19505494505494506,0,0,0,0,0,364
NCT00006244,3,2000,0,5904.0,2,4,0,3.6109179126442243,1,1,0,4,7.86172707782398,1,0,1,1,0,0,0,0.3956043956043956,0,0,0,0,0,91
NCT00006244,6,2000,0,5904.0,2,4,0,3.6109179126442243,1,1,0,4,7.86172707782398,1,0,1,1,0,0,0,0.1978021978021978,0,0,0,0,0,182
NCT00006244,12,2000,0,5904.0,2,4,0,3.6109179126442243,1,1,0,4,7.86172707782398,1,0,1,1,0,0,0,0.0989010989010989,0,0,0,0,0,364
NCT02162563,3,2014,0,3837.0,3,4,0,6.274762021241939,4,2,1,1,7.679251425953058,1,0,0,56,0,0,0,5.824175824175824,0,0,0,0,0,91
NCT02162563,6,2014,0,3837.0,3,4,0,6.274762021241939,4,2,1,1,7.679251425953058,1,0,0,56,0,0,0,2.912087912087912,0,0,0,0,0,182
NCT02162563,12,2014,0,3837.0,3,4,0,6.274762021241939,4,2,1,1,7.679251425953058,1,0,0,56,0,0,0,1.456043956043956,0,0,0,0,0,364
NCT01252693,3,2010,0,1642.0,2,0,1,5.318119993844216,2,1,0,1,7.516977224604321,1,0,0,3,0,0,0,2.230769230769231,0,0,0,0,0,91
NCT01252693,6,2010,0,1642.0,2,0,1,5.318119993844216,2,1,0,1,7.516977224604321,1,0,0,3,0,0,0,1.1153846153846154,0,0,0,0,0,182
NCT01252693,12,2010,0,1642.0,2,0,1,5.318119993844216,2,1,0,1,7.516977224604321,1,0,0,3,0,0,0,0.5576923076923077,0,0,0,0,0,364
NCT00128921,3,2006,1,671.0,2,4,0,2.9444389791664403,3,1,0,5,8.075271546297458,1,0,0,1,0,0,0,0.1978021978021978,0,0,0,0,0,91
NCT00128921,6,2006,1,671.0,2,4,0,2.9444389791664403,3,1,0,5,8.075271546297458,1,0,0,1,0,0,0,0.0989010989010989,0,0,0,0,0,182
NCT00128921,12,2006,1,671.0,2,4,0,2.9444389791664403,3,1,0,5,8.075271546297458,1,0,0,1,0,0,0,0.04945054945054945,0,0,0,0,0,364
NCT00081614,3,2004,0,487.0,2,0,1,4.61512051684126,0,1,0,0,8.023552392404348,1,0,0,20,0,0,0,1.098901098901099,0,0,0,0,0,91
NCT00081614,6,2004,0,487.0,2,0,1,4.61512051684126,0,1,0,0,8.023552392404348,1,0,0,20,0,0,0,0.5494505494505495,0,0,0,0,0,182
NCT00081614,12,2004,0,487.0,2,0,1,4.61512051684126,0,1,0,0,8.023552392404348,1,0,0,20,0,0,0,0.27472527472527475,0,0,0,0,0,364
NCT03000452,3,2017,0,265.0,2,0,1,2.9444389791664403,1,6,1,1,9.239025005836092,1,0,0,25,0,0,0,0.1978021978021978,0,0,0,0,0,91
NCT03000452,6,2017,0,265.0,2,0,1,2.9444389791664403,1,6,1,1,9.239025005836092,1,0,0,25,0,0,0,0.0989010989010989,0,0,0,0,0,182
NCT02825147,3,2013,0,1399.0,2,4,0,3.713572066704308,1,1,0,1,6.663132695990803,1,0,0,1,0,0,0,0.43956043956043955,0,0,0,0,0,91
NCT02825147,6,2013,0,1399.0,2,4,0,3.713572066704308,1,1,0,1,6.663132695990803,1,0,0,1,0,0,0,0.21978021978021978,0,0,0,0,0,182
NCT02825147,12,2013,0,1399.0,2,4,0,3.713572066704308,1,1,0,1,6.663132695990803,1,0,0,1,0,0,0,0.10989010989010989,0,0,0,0,0,364
NCT00630149,3,2007,0,1522.0,2,4,0,3.58351893845611,1,1,0,1,8.272570608424903,1,0,0,1,0,0,0,0.38461538461538464,0,0,0,0,0,91
NCT00630149,6,2007,0,1522.0,2,4,0,3.58351893845611,1,1,0,1,8.272570608424903,1,0,0,1,0,0,0,0.19230769230769232,0,0,0,0,0,182
NCT00630149,12,2007,0,1522.0,2,4,0,3.58351893845611,1,1,0,1,8.272570608424903,1,0,0,1,0,0,0,0.09615384615384616,0,0,0,0,0,364
NCT01671449,3,2012,0,1034.0,3,4,0,5.82600010738045,2,1,0,1,8.19891444498699,1,0,0,9,0,0,0,3.7142857142857144,0,0,0,0,0,91
NCT01671449,6,2012,0,1034.0,3,4,0,5.82600010738045,2,1,0,1,8.19891444498699,1,0,0,9,0,0,0,1.8571428571428572,0,0,0,0,0,182
NCT01671449,12,2012,0,1034.0,3,4,0,5.82600010738045,2,1,0,1,8.19891444498699,1,0,0,9,0,0,0,0.9285714285714286,0,0,0,0,0,364
NCT00478049,3,2005,0,1249.0,3,0,1,5.099866427824199,2,1,0,1,6.736966958001855,1,0,0,4,0,0,0,1.7912087912087913,0,0,0,0,0,91
NCT00478049,6,2005,0,1249.0,3,0,1,5.099866427824199,2,1,0,1,6.736966958001855,1,0,0,4,0,0,0,0.8956043956043956,0,0,0,0,0,182
NCT00478049,12,2005,0,1249.0,3,0,1,5.099866427824199,2,1,0,1,6.736966958001855,1,0,0,4,0,0,0,0.4478021978021978,0,0,0,0,0,364
NCT04633278,3,2021,1,1093.0,2,0,1,3.2188758248682006,1,1,0,1,8.719807451477955,1,0,0,19,0,0,0,0.26373626373626374,0,0,0,0,0,91
NCT04633278,6,2021,1,1093.0,2,0,1,3.2188758248682006,1,1,0,1,8.719807451477955,1,0,0,19,0,0,0,0.13186813186813187,0,0,0,0,0,182
NCT04633278,12,2021,1,1093.0,2,0,1,3.2188758248682006,1,1,0,1,8.719807451477955,1,0,0,19,0,0,0,0.06593406593406594,0,0,0,0,0,364
NCT02071043,3,2008,0,1522.0,2,4,0,3.8918202981106265,1,1,0,1,7.748460023899697,1,0,0,1,0,0,0,0.5274725274725275,0,0,0,0,0,91
NCT02071043,6,2008,0,1522.0,2,4,0,3.8918202981106265,1,1,0,1,7.748460023899697,1,0,0,1,0,0,0,0.26373626373626374,0,0,0,0,0,182
NCT02071043,12,2008,0,1522.0,2,4,0,3.8918202981106265,1,1,0,1,7.748460023899697,1,0,0,1,0,0,0,0.13186813186813187,0,0,0,0,0,364
NCT00498225,3,2007,0,1797.0,3,0,1,6.727431724850855,3,2,1,1,8.0519780789023,1,0,0,12,0,0,0,9.164835164835164,0,0,0,0,0,91
NCT00498225,6,2007,0,1797.0,3,0,1,6.727431724850855,3,2,1,1,8.0519780789023,1,0,0,12,0,0,0,4.582417582417582,0,0,0,0,0,182
NCT00498225,12,2007,0,1797.0,3,0,1,6.727431724850855,3,2,1,1,8.0519780789023,1,0,0,12,0,0,0,2.291208791208791,0,0,0,0,0,364
NCT00602225,3,2007,0,2678.0,1,4,0,3.9318256327243257,1,1,0,6,8.049107721326406,1,0,1,1,0,0,0,0.5494505494505495,0,0,0,0,0,91
NCT00602225,6,2007,0,2678.0,1,4,0,3.9318256327243257,1,1,0,6,8.049107721326406,1,0,1,1,0,0,0,0.27472527472527475,0,0,0,0,0,182
NCT00602225,12,2007,0,2678.0,1,4,0,3.9318256327243257,1,1,0,6,8.049107721326406,1,0,1,1,0,0,0,0.13736263736263737,0,0,0,0,0,364
NCT01236144,3,2011,0,1006.0,1,4,0,4.736198448394496,3,1,0,4,8.05356916913454,1,0,0,13,0,0,0,1.2417582417582418,0,0,0,0,0,91
NCT01236144,6,2011,0,1006.0,1,4,0,4.736198448394496,3,1,0,4,8.05356916913454,1,0,0,13,0,0,0,0.6208791208791209,0,0,0,0,0,182
NCT01236144,12,2011,0,1006.0,1,4,0,4.736198448394496,3,1,0,4,8.05356916913454,1,0,0,13,0,0,0,0.31043956043956045,0,0,0,0,0,364
NCT05321498,3,2023,1,147.0,2,0,1,0.0,2,0,0,1,7.784889295655098,1,0,0,0,0,0,0,0.0,0,0,0,0,0,91
NCT00004898,3,1999,0,1369.0,1,4,0,1.9459101490553132,0,1,0,0,7.816416983691801,1,0,1,1,0,0,0,0.06593406593406594,0,0,0,0,0,91
NCT00004898,6,1999,0,1369.0,1,4,0,1.9459101490553132,0,1,0,0,7.816416983691801,1,0,1,1,0,0,0,0.03296703296703297,0,0,0,0,0,182
NCT00004898,12,1999,0,1369.0,1,4,0,1.9459101490553132,0,1,0,0,7.816416983691801,1,0,1,1,0,0,0,0.016483516483516484,0,0,0,0,0,364
NCT00001493,3,1995,0,1705.0,2,1,0,3.7612001156935624,0,1,0,0,7.1770187659099,0,0,0,1,0,0,0,0.46153846153846156,0,0,0,0,0,91
NCT00001493,6,1995,0,1705.0,2,1,0,3.7612001156935624,0,1,0,0,7.1770187659099,0,0,0,1,0,0,0,0.23076923076923078,0,0,0,0,0,182
NCT00001493,12,1995,0,1705.0,2,1,0,3.7612001156935624,0,1,0,0,7.1770187659099,0,0,0,1,0,0,0,0.11538461538461539,0,0,0,0,0,364
NCT01469221,3,2012,1,456.0,3,0,1,3.871201010907891,2,4,1,1,8.422662707570003,1,0,0,29,0,0,0,0.5164835164835165,0,0,0,0,0,91
NCT01469221,6,2012,1,456.0,3,0,1,3.871201010907891,2,4,1,1,8.422662707570003,1,0,0,29,0,0,0,0.25824175824175827,0,0,0,0,0,182
NCT01469221,12,2012,1,456.0,3,0,1,3.871201010907891,2,4,1,1,8.422662707570003,1,0,0,29,0,0,0,0.12912087912087913,0,0,0,0,0,364
NCT01964755,3,2009,1,3334.0,2,4,0,1.9459101490553132,1,1,0,1,8.854950316500325,1,0,1,2,0,0,0,0.06593406593406594,0,0,0,0,0,91
NCT01964755,6,2009,1,3334.0,2,4,0,1.9459101490553132,1,1,0,1,8.854950316500325,1,0,1,2,0,0,0,0.03296703296703297,0,0,0,0,0,182
NCT01964755,12,2009,1,3334.0,2,4,0,1.9459101490553132,1,1,0,1,8.854950316500325,1,0,1,2,0,0,0,0.016483516483516484,0,0,0,0,0,364
NCT02696408,3,2016,0,1260.0,3,4,0,5.459585514144159,2,1,0,1,6.135564891081739,0,1,0,3,0,0,0,2.5714285714285716,0,0,0,0,0,91
NCT02696408,6,2016,0,1260.0,3,4,0,5.459585514144159,2,1,0,1,6.135564891081739,0,1,0,3,0,0,0,1.2857142857142858,0,0,0,0,0,182
NCT02696408,12,2016,0,1260.0,3,4,0,5.459585514144159,2,1,0,1,6.135564891081739,0,1,0,3,0,0,0,0.6428571428571429,0,0,0,0,0,364
NCT05012098,3,2022,0,749.0,2,1,0,2.4849066497880004,1,1,0,1,9.191463316206494,1,0,0,1,0,0,0,0.12087912087912088,0,0,0,0,0,91
NCT05012098,6,2022,0,749.0,2,1,0,2.4849066497880004,1,1,0,1,9.191463316206494,1,0,0,1,0,0,0,0.06043956043956044,0,0,0,0,0,182
NCT05012098,12,2022,0,749.0,2,1,0,2.4849066497880004,1,1,0,1,9.191463316206494,1,0,0,1,0,0,0,0.03021978021978022,0,0,0,0,0,364
NCT03280563,3,2017,0,2470.0,1,0,1,4.976733742420574,8,3,1,1,7.86480400332846,1,0,0,22,0,0,0,1.5824175824175823,0,0,0,0,0,91
NCT03280563,6,2017,0,2470.0,1,0,1,4.976733742420574,8,3,1,1,7.86480400332846,1,0,0,22,0,0,0,0.7912087912087912,0,0,0,0,0,182
NCT03280563,12,2017,0,2470.0,1,0,1,4.976733742420574,8,3,1,1,7.86480400332846,1,0,0,22,0,0,0,0.3956043956043956,0,0,0,0,0,364
NCT00275106,3,2004,1,2891.0,3,4,0,6.398594934535208,0,3,1,1,6.773080375655535,1,0,0,22,0,0,0,6.593406593406593,0,0,0,0,0,91
NCT00275106,6,2004,1,2891.0,3,4,0,6.398594934535208,0,3,1,1,6.773080375655535,1,0,0,22,0,0,0,3.2967032967032965,0,0,0,0,0,182
NCT00275106,12,2004,1,2891.0,3,4,0,6.398594934535208,0,3,1,1,6.773080375655535,1,0,0,22,0,0,0,1.6483516483516483,0,0,0,0,0,364
NCT03603184,3,2018,0,2302.0,3,4,0,6.309918278226516,2,11,1,3,9.040500592684284,1,0,0,93,0,0,0,6.032967032967033,0,0,0,0,0,91
NCT03603184,6,2018,0,2302.0,3,4,0,6.309918278226516,2,11,1,3,9.040500592684284,1,0,0,93,0,0,0,3.0164835164835164,0,0,0,0,0,182
NCT03603184,12,2018,0,2302.0,3,4,0,6.309918278226516,2,11,1,3,9.040500592684284,1,0,0,93,0,0,0,1.5082417582417582,0,0,0,0,0,364
NCT01564784,3,2012,0,1616.0,3,0,1,5.7899601708972535,2,20,1,2,5.19295685089021,1,0,0,198,0,0,0,3.5824175824175826,0,0,0,0,0,91
NCT01564784,6,2012,0,1616.0,3,0,1,5.7899601708972535,2,20,1,2,5.19295685089021,1,0,0,198,0,0,0,1.7912087912087913,0,0,0,0,0,182
NCT01564784,12,2012,0,1616.0,3,0,1,5.7899601708972535,2,20,1,2,5.19295685089021,1,0,0,198,0,0,0,0.8956043956043956,0,0,0,0,0,364
NCT02041533,3,2014,0,2983.0,3,0,1,6.295266001439646,2,26,1,1,6.660575149839686,1,0,1,141,0,0,0,5.945054945054945,0,0,0,0,0,91
NCT02041533,6,2014,0,2983.0,3,0,1,6.295266001439646,2,26,1,1,6.660575149839686,1,0,1,141,0,0,0,2.9725274725274726,0,0,0,0,0,182
NCT02041533,12,2014,0,2983.0,3,0,1,6.295266001439646,2,26,1,1,6.660575149839686,1,0,1,141,0,0,0,1.4862637362637363,0,0,0,0,0,364
NCT00048633,3,2001,0,577.0,2,0,1,3.4339872044851463,1,1,0,0,8.10258642539079,1,0,0,4,0,0,0,0.32967032967032966,0,0,0,0,0,91
NCT00048633,6,2001,0,577.0,2,0,1,3.4339872044851463,1,1,0,0,8.10258642539079,1,0,0,4,0,0,0,0.16483516483516483,0,0,0,0,0,182
NCT00048633,12,2001,0,577.0,2,0,1,3.4339872044851463,1,1,0,0,8.10258642539079,1,0,0,4,0,0,0,0.08241758241758242,0,0,0,0,0,364
NCT01077726,3,2010,0,334.0,2,0,1,1.3862943611198906,1,1,0,1,6.352629396319567,1,0,0,12,0,0,0,0.03296703296703297,0,0,0,0,0,91
NCT01077726,6,2010,0,334.0,2,0,1,1.3862943611198906,1,1,0,1,6.352629396319567,1,0,0,12,0,0,0,0.016483516483516484,0,0,0,0,0,182
NCT00030511,3,2001,1,638.0,2,4,0,0.0,0,3,1,0,7.392031567514591,1,0,0,6,0,0,0,0.0,0,0,0,0,0,91
NCT00030511,6,2001,1,638.0,2,4,0,0.0,0,3,1,0,7.392031567514591,1,0,0,6,0,0,0,0.0,0,0,0,0,0,182
NCT00030511,12,2001,1,638.0,2,4,0,0.0,0,3,1,0,7.392031567514591,1,0,0,6,0,0,0,0.0,0,0,0,0,0,364
NCT04140292,3,2020,0,500.0,2,4,0,4.330733340286331,1,1,0,1,7.163946684342547,1,0,0,1,0,0,0,0.8241758241758241,0,0,0,0,0,91
NCT04140292,6,2020,0,500.0,2,4,0,4.330733340286331,1,1,0,1,7.163946684342547,1,0,0,1,0,0,0,0.41208791208791207,0,0,0,0,0,182
NCT04140292,12,2020,0,500.0,2,4,0,4.330733340286331,1,1,0,1,7.163946684342547,1,0,0,1,0,0,0,0.20604395604395603,0,0,0,0,0,364
NCT01378871,3,2010,1,853.0,2,4,0,0.6931471805599453,1,1,0,1,7.812782818577581,1,0,0,7,0,0,0,0.01098901098901099,0,0,0,0,0,91
NCT01378871,6,2010,1,853.0,2,4,0,0.6931471805599453,1,1,0,1,7.812782818577581,1,0,0,7,0,0,0,0.005494505494505495,0,0,0,0,0,182
NCT01378871,12,2010,1,853.0,2,4,0,0.6931471805599453,1,1,0,1,7.812782818577581,1,0,0,7,0,0,0,0.0027472527472527475,0,0,0,0,0,364
NCT00052936,3,2001,0,3503.0,3,4,0,7.317876198626496,4,2,1,1,7.974188669286011,1,0,1,174,0,0,0,16.54945054945055,0,0,0,0,0,91
NCT00052936,6,2001,0,3503.0,3,4,0,7.317876198626496,4,2,1,1,7.974188669286011,1,0,1,174,0,0,0,8.274725274725276,0,0,0,0,0,182
NCT00052936,12,2001,0,3503.0,3,4,0,7.317876198626496,4,2,1,1,7.974188669286011,1,0,1,174,0,0,0,4.137362637362638,0,0,0,0,0,364
NCT01995344,3,2014,1,510.0,2,4,0,1.0986122886681098,2,1,0,1,8.283999304248526,1,0,0,1,0,0,0,0.02197802197802198,0,0,0,0,0,91
NCT01995344,6,2014,1,510.0,2,4,0,1.0986122886681098,2,1,0,1,8.283999304248526,1,0,0,1,0,0,0,0.01098901098901099,0,0,0,0,0,182
NCT01995344,12,2014,1,510.0,2,4,0,1.0986122886681098,2,1,0,1,8.283999304248526,1,0,0,1,0,0,0,0.005494505494505495,0,0,0,0,0,364
NCT00021398,3,1996,0,8097.0,2,4,0,3.1780538303479458,1,1,0,2,7.489412083508719,1,0,0,17,0,0,0,0.25274725274725274,0,0,0,0,0,91
NCT00021398,6,1996,0,8097.0,2,4,0,3.1780538303479458,1,1,0,2,7.489412083508719,1,0,0,17,0,0,0,0.12637362637362637,0,0,0,0,0,182
NCT00021398,12,1996,0,8097.0,2,4,0,3.1780538303479458,1,1,0,2,7.489412083508719,1,0,0,17,0,0,0,0.06318681318681318,0,0,0,0,0,364
NCT00652587,3,2002,0,2160.0,3,4,0,4.7535901911063645,2,1,0,1,8.0507033814703,0,0,0,1,0,0,0,1.2637362637362637,0,0,0,0,0,91
NCT00652587,6,2002,0,2160.0,3,4,0,4.7535901911063645,2,1,0,1,8.0507033814703,0,0,0,1,0,0,0,0.6318681318681318,0,0,0,0,0,182
NCT00652587,12,2002,0,2160.0,3,4,0,4.7535901911063645,2,1,0,1,8.0507033814703,0,0,0,1,0,0,0,0.3159340659340659,0,0,0,0,0,364
NCT01835626,3,2013,0,2323.0,2,4,0,3.2188758248682006,1,1,0,1,9.137877200242468,1,0,0,2,0,0,0,0.26373626373626374,0,0,0,0,0,91
NCT01835626,6,2013,0,2323.0,2,4,0,3.2188758248682006,1,1,0,1,9.137877200242468,1,0,0,2,0,0,0,0.13186813186813187,0,0,0,0,0,182
NCT01835626,12,2013,0,2323.0,2,4,0,3.2188758248682006,1,1,0,1,9.137877200242468,1,0,0,2,0,0,0,0.06593406593406594,0,0,0,0,0,364
NCT02992743,3,2016,0,1932.0,2,0,1,3.1780538303479458,1,1,0,2,7.841099765422119,1,0,0,6,0,0,0,0.25274725274725274,0,0,0,0,0,91
NCT02992743,6,2016,0,1932.0,2,0,1,3.1780538303479458,1,1,0,2,7.841099765422119,1,0,0,6,0,0,0,0.12637362637362637,0,0,0,0,0,182
NCT02992743,12,2016,0,1932.0,2,0,1,3.1780538303479458,1,1,0,2,7.841099765422119,1,0,0,6,0,0,0,0.06318681318681318,0,0,0,0,0,364
NCT04880434,3,2021,0,1512.0,2,0,1,4.564348191467836,1,6,1,1,7.232010331664759,1,0,1,40,0,0,0,1.043956043956044,0,0,0,0,0,91
NCT04880434,6,2021,0,1512.0,2,0,1,4.564348191467836,1,6,1,1,7.232010331664759,1,0,1,40,0,0,0,0.521978021978022,0,0,0,0,0,182
NCT04880434,12,2021,0,1512.0,2,0,1,4.564348191467836,1,6,1,1,7.232010331664759,1,0,1,40,0,0,0,0.260989010989011,0,0,0,0,0,364
NCT00136864,3,2004,0,2587.0,3,4,0,5.739792912179234,2,1,0,1,7.600902459542082,0,0,0,5,0,0,0,3.4065934065934065,0,0,0,0,0,91
NCT00136864,6,2004,0,2587.0,3,4,0,5.739792912179234,2,1,0,1,7.600902459542082,0,0,0,5,0,0,0,1.7032967032967032,0,0,0,0,0,182
NCT00136864,12,2004,0,2587.0,3,4,0,5.739792912179234,2,1,0,1,7.600902459542082,0,0,0,5,0,0,0,0.8516483516483516,0,0,0,0,0,364
NCT01437709,3,2011,0,4394.0,2,4,0,3.4339872044851463,2,1,0,2,8.102283624480073,0,0,1,6,0,0,0,0.32967032967032966,0,0,0,0,0,91
NCT01437709,6,2011,0,4394.0,2,4,0,3.4339872044851463,2,1,0,2,8.102283624480073,0,0,1,6,0,0,0,0.16483516483516483,0,0,0,0,0,182
NCT01437709,12,2011,0,4394.0,2,4,0,3.4339872044851463,2,1,0,2,8.102283624480073,0,0,1,6,0,0,0,0.08241758241758242,0,0,0,0,0,364
NCT00345163,3,2006,0,427.0,2,0,1,5.123963979403259,2,0,0,2,8.211211361793023,1,0,0,0,0,0,0,1.835164835164835,0,0,0,0,0,91
NCT00345163,6,2006,0,427.0,2,0,1,5.123963979403259,2,0,0,2,8.211211361793023,1,0,0,0,0,0,0,0.9175824175824175,0,0,0,0,0,182
NCT00345163,12,2006,0,427.0,2,0,1,5.123963979403259,2,0,0,2,8.211211361793023,1,0,0,0,0,0,0,0.45879120879120877,0,0,0,0,0,364
NCT00091663,3,2004,0,365.0,3,0,1,8.517393171418904,0,1,0,0,7.388327859577107,1,0,0,92,0,0,0,54.94505494505494,0,0,0,0,0,91
NCT00091663,6,2004,0,365.0,3,0,1,8.517393171418904,0,1,0,0,7.388327859577107,1,0,0,92,0,0,0,27.47252747252747,0,0,0,0,0,182
NCT00091663,12,2004,0,365.0,3,0,1,8.517393171418904,0,1,0,0,7.388327859577107,1,0,0,92,0,0,0,13.736263736263735,0,0,0,0,0,364
NCT04129216,3,2019,0,1359.0,2,4,0,3.4339872044851463,3,1,0,1,6.875232087276577,1,0,0,1,0,0,0,0.32967032967032966,0,0,0,0,0,91
NCT04129216,6,2019,0,1359.0,2,4,0,3.4339872044851463,3,1,0,1,6.875232087276577,1,0,0,1,0,0,0,0.16483516483516483,0,0,0,0,0,182
NCT04129216,12,2019,0,1359.0,2,4,0,3.4339872044851463,3,1,0,1,6.875232087276577,1,0,0,1,0,0,0,0.08241758241758242,0,0,0,0,0,364
NCT01732549,3,2013,1,850.0,2,0,1,4.976733742420574,2,11,1,1,7.912056888179006,1,0,0,58,0,0,0,1.5824175824175823,0,0,0,0,0,91
NCT01732549,6,2013,1,850.0,2,0,1,4.976733742420574,2,11,1,1,7.912056888179006,1,0,0,58,0,0,0,0.7912087912087912,0,0,0,0,0,182
NCT01732549,12,2013,1,850.0,2,0,1,4.976733742420574,2,11,1,1,7.912056888179006,1,0,0,58,0,0,0,0.3956043956043956,0,0,0,0,0,364
NCT00591838,3,2006,0,4282.0,1,4,0,4.31748811353631,5,1,0,4,8.318498320504338,0,0,0,1,0,0,0,0.8131868131868132,0,0,0,0,0,91
NCT00591838,6,2006,0,4282.0,1,4,0,4.31748811353631,5,1,0,4,8.318498320504338,0,0,0,1,0,0,0,0.4065934065934066,0,0,0,0,0,182
NCT00591838,12,2006,0,4282.0,1,4,0,4.31748811353631,5,1,0,4,8.318498320504338,0,0,0,1,0,0,0,0.2032967032967033,0,0,0,0,0,364
NCT00091858,3,2004,0,974.0,3,0,1,6.90875477931522,2,0,0,1,7.518607216815252,1,0,0,0,0,0,0,10.989010989010989,0,0,0,0,0,91
NCT00091858,6,2004,0,974.0,3,0,1,6.90875477931522,2,0,0,1,7.518607216815252,1,0,0,0,0,0,0,5.4945054945054945,0,0,0,0,0,182
NCT00091858,12,2004,0,974.0,3,0,1,6.90875477931522,2,0,0,1,7.518607216815252,1,0,0,0,0,0,0,2.7472527472527473,0,0,0,0,0,364
NCT00935558,3,2009,1,1035.0,2,4,0,0.0,2,1,0,1,7.026426808699636,1,0,1,1,0,0,0,0.0,0,0,0,0,0,91
NCT00935558,6,2009,1,1035.0,2,4,0,0.0,2,1,0,1,7.026426808699636,1,0,1,1,0,0,0,0.0,0,0,0,0,0,182
NCT00935558,12,2009,1,1035.0,2,4,0,0.0,2,1,0,1,7.026426808699636,1,0,1,1,0,0,0,0.0,0,0,0,0,0,364
NCT04625543,3,2020,1,1004.0,2,4,0,0.0,2,1,0,1,7.794411205726601,1,0,0,1,0,0,0,0.0,0,0,0,0,0,91
NCT04625543,6,2020,1,1004.0,2,4,0,0.0,2,1,0,1,7.794411205726601,1,0,0,1,0,0,0,0.0,0,0,0,0,0,182
NCT04625543,12,2020,1,1004.0,2,4,0,0.0,2,1,0,1,7.794411205726601,1,0,0,1,0,0,0,0.0,0,0,0,0,0,364
NCT02085408,3,2011,0,4338.0,3,4,0,6.590301048196686,2,3,1,1,9.123801610558944,1,0,0,269,0,0,0,7.989010989010989,0,0,0,0,0,91
NCT02085408,6,2011,0,4338.0,3,4,0,6.590301048196686,2,3,1,1,9.123801610558944,1,0,0,269,0,0,0,3.9945054945054945,0,0,0,0,0,182
NCT02085408,12,2011,0,4338.0,3,4,0,6.590301048196686,2,3,1,1,9.123801610558944,1,0,0,269,0,0,0,1.9972527472527473,0,0,0,0,0,364
NCT00278889,3,2006,0,1369.0,2,0,1,5.375278407684165,2,9,1,1,5.60947179518496,1,0,0,43,0,0,0,2.3626373626373627,0,0,0,0,0,91
NCT00278889,6,2006,0,1369.0,2,0,1,5.375278407684165,2,9,1,1,5.60947179518496,1,0,0,43,0,0,0,1.1813186813186813,0,0,0,0,0,182
NCT00278889,12,2006,0,1369.0,2,0,1,5.375278407684165,2,9,1,1,5.60947179518496,1,0,0,43,0,0,0,0.5906593406593407,0,0,0,0,0,364
NCT01161368,3,2010,1,1338.0,2,4,0,2.302585092994046,1,2,1,1,8.290041618704489,1,0,0,2,0,0,0,0.0989010989010989,0,0,0,0,0,91
NCT01161368,6,2010,1,1338.0,2,4,0,2.302585092994046,1,2,1,1,8.290041618704489,1,0,0,2,0,0,0,0.04945054945054945,0,0,0,0,0,182
NCT01161368,12,2010,1,1338.0,2,4,0,2.302585092994046,1,2,1,1,8.290041618704489,1,0,0,2,0,0,0,0.024725274725274724,0,0,0,0,0,364
NCT00341250,3,2006,0,323.0,1,1,0,6.803505257608338,0,1,0,0,7.948031990637284,1,0,0,2,0,0,0,9.89010989010989,0,0,0,0,0,91
NCT00341250,6,2006,0,323.0,1,1,0,6.803505257608338,0,1,0,0,7.948031990637284,1,0,0,2,0,0,0,4.945054945054945,0,0,0,0,0,182
NCT02338050,3,2015,1,1827.0,2,4,0,0.6931471805599453,1,1,0,1,8.51097389160232,0,0,1,4,0,0,0,0.01098901098901099,0,0,0,0,0,91
NCT02338050,6,2015,1,1827.0,2,4,0,0.6931471805599453,1,1,0,1,8.51097389160232,0,0,1,4,0,0,0,0.005494505494505495,0,0,0,0,0,182
NCT02338050,12,2015,1,1827.0,2,4,0,0.6931471805599453,1,1,0,1,8.51097389160232,0,0,1,4,0,0,0,0.0027472527472527475,0,0,0,0,0,364
NCT01821391,3,2013,0,243.0,3,0,1,4.882801922586371,2,5,1,1,6.486160788944089,1,0,0,18,0,0,0,1.4395604395604396,0,0,0,0,0,91
NCT01821391,6,2013,0,243.0,3,0,1,4.882801922586371,2,5,1,1,6.486160788944089,1,0,0,18,0,0,0,0.7197802197802198,0,0,0,0,0,182
NCT01259284,3,2011,1,243.0,2,4,0,1.0986122886681098,3,1,0,1,7.170888478512505,1,0,0,1,0,0,0,0.02197802197802198,0,0,0,0,0,91
NCT01259284,6,2011,1,243.0,2,4,0,1.0986122886681098,3,1,0,1,7.170888478512505,1,0,0,1,0,0,0,0.01098901098901099,0,0,0,0,0,182
NCT01933347,3,2014,0,1464.0,2,4,0,3.8501476017100584,1,1,0,1,7.6760099320288875,1,0,0,1,0,0,0,0.5054945054945055,0,0,0,0,0,91
NCT01933347,6,2014,0,1464.0,2,4,0,3.8501476017100584,1,1,0,1,7.6760099320288875,1,0,0,1,0,0,0,0.25274725274725274,0,0,0,0,0,182
NCT01933347,12,2014,0,1464.0,2,4,0,3.8501476017100584,1,1,0,1,7.6760099320288875,1,0,0,1,0,0,0,0.12637362637362637,0,0,0,0,0,364
NCT01806649,3,2013,1,1034.0,2,4,0,1.791759469228055,1,1,0,1,8.458504195067558,1,0,0,1,0,0,0,0.054945054945054944,0,0,0,0,0,91
NCT01806649,6,2013,1,1034.0,2,4,0,1.791759469228055,1,1,0,1,8.458504195067558,1,0,0,1,0,0,0,0.027472527472527472,0,0,0,0,0,182
NCT01806649,12,2013,1,1034.0,2,4,0,1.791759469228055,1,1,0,1,8.458504195067558,1,0,0,1,0,0,0,0.013736263736263736,0,0,0,0,0,364
NCT00706238,3,2008,1,842.0,2,0,1,1.791759469228055,1,3,1,3,7.995306620290822,0,0,1,6,0,0,0,0.054945054945054944,0,0,0,0,0,91
NCT00706238,6,2008,1,842.0,2,0,1,1.791759469228055,1,3,1,3,7.995306620290822,0,0,1,6,0,0,0,0.027472527472527472,0,0,0,0,0,182
NCT00706238,12,2008,1,842.0,2,0,1,1.791759469228055,1,3,1,3,7.995306620290822,0,0,1,6,0,0,0,0.013736263736263736,0,0,0,0,0,364
NCT00302185,3,2007,0,274.0,3,4,0,3.044522437723423,2,1,0,1,6.091309882077698,0,0,0,1,0,0,0,0.21978021978021978,0,0,0,0,0,91
NCT00302185,6,2007,0,274.0,3,4,0,3.044522437723423,2,1,0,1,6.091309882077698,0,0,0,1,0,0,0,0.10989010989010989,0,0,0,0,0,182
NCT03637868,3,2019,1,413.0,2,4,0,0.0,1,1,0,1,8.396831834745054,1,0,0,7,0,0,0,0.0,0,0,0,0,0,91
NCT03637868,6,2019,1,413.0,2,4,0,0.0,1,1,0,1,8.396831834745054,1,0,0,7,0,0,0,0.0,0,0,0,0,0,182
NCT03637868,12,2019,1,413.0,2,4,0,0.0,1,1,0,1,8.396831834745054,1,0,0,7,0,0,0,0.0,0,0,0,0,0,364
NCT00036868,3,2002,0,2922.0,2,4,0,4.51085950651685,1,9,1,2,8.040768994367578,1,0,1,13,0,0,0,0.989010989010989,0,0,0,0,0,91
NCT00036868,6,2002,0,2922.0,2,4,0,4.51085950651685,1,9,1,2,8.040768994367578,1,0,1,13,0,0,0,0.4945054945054945,0,0,0,0,0,182
NCT00036868,12,2002,0,2922.0,2,4,0,4.51085950651685,1,9,1,2,8.040768994367578,1,0,1,13,0,0,0,0.24725274725274726,0,0,0,0,0,364
NCT01433991,3,2011,1,1966.0,1,0,1,3.4339872044851463,5,1,0,3,9.27706400401909,1,0,0,2,0,0,0,0.32967032967032966,0,0,0,0,0,91
NCT01433991,6,2011,1,1966.0,1,0,1,3.4339872044851463,5,1,0,3,9.27706400401909,1,0,0,2,0,0,0,0.16483516483516483,0,0,0,0,0,182
NCT01433991,12,2011,1,1966.0,1,0,1,3.4339872044851463,5,1,0,3,9.27706400401909,1,0,0,2,0,0,0,0.08241758241758242,0,0,0,0,0,364
NCT03976518,3,2019,0,1742.0,2,4,0,3.784189633918261,1,1,0,1,9.12674134809987,1,0,0,10,0,0,0,0.4725274725274725,0,0,0,0,0,91
NCT03976518,6,2019,0,1742.0,2,4,0,3.784189633918261,1,1,0,1,9.12674134809987,1,0,0,10,0,0,0,0.23626373626373626,0,0,0,0,0,182
NCT03976518,12,2019,0,1742.0,2,4,0,3.784189633918261,1,1,0,1,9.12674134809987,1,0,0,10,0,0,0,0.11813186813186813,0,0,0,0,0,364
NCT00394836,3,2007,0,2315.0,2,0,1,4.762173934797756,0,1,0,2,7.45182223652793,1,0,0,1,0,0,0,1.2747252747252746,0,0,0,0,0,91
NCT00394836,6,2007,0,2315.0,2,0,1,4.762173934797756,0,1,0,2,7.45182223652793,1,0,0,1,0,0,0,0.6373626373626373,0,0,0,0,0,182
NCT00394836,12,2007,0,2315.0,2,0,1,4.762173934797756,0,1,0,2,7.45182223652793,1,0,0,1,0,0,0,0.31868131868131866,0,0,0,0,0,364
NCT00006011,3,2000,0,3530.0,3,4,0,6.492239835020471,2,1,0,1,7.330405211844402,1,0,1,1,0,0,0,7.241758241758242,0,0,0,0,0,91
NCT00006011,6,2000,0,3530.0,3,4,0,6.492239835020471,2,1,0,1,7.330405211844402,1,0,1,1,0,0,0,3.620879120879121,0,0,0,0,0,182
NCT00006011,12,2000,0,3530.0,3,4,0,6.492239835020471,2,1,0,1,7.330405211844402,1,0,1,1,0,0,0,1.8104395604395604,0,0,0,0,0,364
NCT00310011,3,1998,0,4079.0,2,4,0,4.276666119016055,0,1,0,5,7.471363088187097,1,0,0,3,0,0,0,0.7802197802197802,0,0,0,0,0,91
NCT00310011,6,1998,0,4079.0,2,4,0,4.276666119016055,0,1,0,5,7.471363088187097,1,0,0,3,0,0,0,0.3901098901098901,0,0,0,0,0,182
NCT00310011,12,1998,0,4079.0,2,4,0,4.276666119016055,0,1,0,5,7.471363088187097,1,0,0,3,0,0,0,0.19505494505494506,0,0,0,0,0,364
NCT01066234,3,2017,0,1183.0,2,4,0,2.8903717578961645,2,1,0,1,7.270312886079025,1,0,0,1,0,0,0,0.18681318681318682,0,0,0,0,0,91
NCT01066234,6,2017,0,1183.0,2,4,0,2.8903717578961645,2,1,0,1,7.270312886079025,1,0,0,1,0,0,0,0.09340659340659341,0,0,0,0,0,182
NCT01066234,12,2017,0,1183.0,2,4,0,2.8903717578961645,2,1,0,1,7.270312886079025,1,0,0,1,0,0,0,0.046703296703296704,0,0,0,0,0,364
NCT04849364,3,2021,1,1196.0,2,4,0,3.970291913552122,3,1,0,1,9.19593714166544,1,0,0,13,0,0,0,0.5714285714285714,0,0,0,0,0,91
NCT04849364,6,2021,1,1196.0,2,4,0,3.970291913552122,3,1,0,1,9.19593714166544,1,0,0,13,0,0,0,0.2857142857142857,0,0,0,0,0,182
NCT04849364,12,2021,1,1196.0,2,4,0,3.970291913552122,3,1,0,1,9.19593714166544,1,0,0,13,0,0,0,0.14285714285714285,0,0,0,0,0,364
NCT01835587,3,2013,0,1309.0,1,0,1,3.4657359027997265,1,2,1,2,7.768956044538332,1,0,0,5,0,0,0,0.34065934065934067,0,0,0,0,0,91
NCT01835587,6,2013,0,1309.0,1,0,1,3.4657359027997265,1,2,1,2,7.768956044538332,1,0,0,5,0,0,0,0.17032967032967034,0,0,0,0,0,182
NCT01835587,12,2013,0,1309.0,1,0,1,3.4657359027997265,1,2,1,2,7.768956044538332,1,0,0,5,0,0,0,0.08516483516483517,0,0,0,0,0,364
NCT01282216,3,2011,1,1736.0,2,4,0,4.795790545596741,3,1,0,1,7.5310163320779155,0,0,1,1,0,0,0,1.3186813186813187,0,0,0,0,0,91
NCT01282216,6,2011,1,1736.0,2,4,0,4.795790545596741,3,1,0,1,7.5310163320779155,0,0,1,1,0,0,0,0.6593406593406593,0,0,0,0,0,182
NCT01282216,12,2011,1,1736.0,2,4,0,4.795790545596741,3,1,0,1,7.5310163320779155,0,0,1,1,0,0,0,0.32967032967032966,0,0,0,0,0,364
NCT00125606,3,2004,1,2464.0,3,4,0,3.4339872044851463,2,1,0,1,6.53813982376767,0,0,0,1,0,0,0,0.32967032967032966,0,0,0,0,0,91
NCT00125606,6,2004,1,2464.0,3,4,0,3.4339872044851463,2,1,0,1,6.53813982376767,0,0,0,1,0,0,0,0.16483516483516483,0,0,0,0,0,182
NCT00125606,12,2004,1,2464.0,3,4,0,3.4339872044851463,2,1,0,1,6.53813982376767,0,0,0,1,0,0,0,0.08241758241758242,0,0,0,0,0,364
NCT01024504,3,2006,0,1461.0,2,4,0,3.8501476017100584,1,1,0,1,7.108244139731541,1,0,0,6,0,0,0,0.5054945054945055,0,0,0,0,0,91
NCT01024504,6,2006,0,1461.0,2,4,0,3.8501476017100584,1,1,0,1,7.108244139731541,1,0,0,6,0,0,0,0.25274725274725274,0,0,0,0,0,182
NCT01024504,12,2006,0,1461.0,2,4,0,3.8501476017100584,1,1,0,1,7.108244139731541,1,0,0,6,0,0,0,0.12637362637362637,0,0,0,0,0,364
NCT01640847,3,2012,1,365.0,2,0,1,0.0,2,0,0,1,6.652863029353347,1,0,0,0,0,0,0,0.0,0,0,0,0,0,91
NCT01640847,6,2012,1,365.0,2,0,1,0.0,2,0,0,1,6.652863029353347,1,0,0,0,0,0,0,0.0,0,0,0,0,0,182
NCT01640847,12,2012,1,365.0,2,0,1,0.0,2,0,0,1,6.652863029353347,1,0,0,0,0,0,0,0.0,0,0,0,0,0,364
NCT01685138,3,2012,0,1859.0,2,0,1,4.8283137373023015,1,18,1,1,7.38770923908104,1,0,0,51,0,0,0,1.3626373626373627,0,0,0,0,0,91
NCT01685138,6,2012,0,1859.0,2,0,1,4.8283137373023015,1,18,1,1,7.38770923908104,1,0,0,51,0,0,0,0.6813186813186813,0,0,0,0,0,182
NCT01685138,12,2012,0,1859.0,2,0,1,4.8283137373023015,1,18,1,1,7.38770923908104,1,0,0,51,0,0,0,0.34065934065934067,0,0,0,0,0,364
NCT00533078,3,2007,0,761.0,2,4,0,2.70805020110221,1,1,0,1,7.030857476116121,0,0,0,1,0,0,0,0.15384615384615385,0,0,0,0,0,91
NCT00533078,6,2007,0,761.0,2,4,0,2.70805020110221,1,1,0,1,7.030857476116121,0,0,0,1,0,0,0,0.07692307692307693,0,0,0,0,0,182
NCT00533078,12,2007,0,761.0,2,4,0,2.70805020110221,1,1,0,1,7.030857476116121,0,0,0,1,0,0,0,0.038461538461538464,0,0,0,0,0,364
NCT00027885,3,2001,0,3195.0,2,4,0,3.912023005428146,2,1,0,1,8.13739583005665,1,0,1,5,0,0,0,0.5384615384615384,0,0,0,0,0,91
NCT00027885,6,2001,0,3195.0,2,4,0,3.912023005428146,2,1,0,1,8.13739583005665,1,0,1,5,0,0,0,0.2692307692307692,0,0,0,0,0,182
NCT00027885,12,2001,0,3195.0,2,4,0,3.912023005428146,2,1,0,1,8.13739583005665,1,0,1,5,0,0,0,0.1346153846153846,0,0,0,0,0,364
NCT00193141,3,1999,0,2830.0,2,4,0,5.303304908059076,0,0,0,1,7.150701457592526,1,0,0,0,0,0,0,2.197802197802198,0,0,0,0,0,91
NCT00193141,6,1999,0,2830.0,2,4,0,5.303304908059076,0,0,0,1,7.150701457592526,1,0,0,0,0,0,0,1.098901098901099,0,0,0,0,0,182
NCT00193141,12,1999,0,2830.0,2,4,0,5.303304908059076,0,0,0,1,7.150701457592526,1,0,0,0,0,0,0,0.5494505494505495,0,0,0,0,0,364
NCT05022394,3,2021,1,,1,4,0,0.0,1,0,0,2,9.301277366968284,1,0,1,0,0,0,0,0.0,0,0,0,0,0,91
NCT05022394,6,2021,1,,1,4,0,0.0,1,0,0,2,9.301277366968284,1,0,1,0,0,0,0,0.0,0,0,0,0,0,182
NCT05022394,12,2021,1,,1,4,0,0.0,1,0,0,2,9.301277366968284,1,0,1,0,0,0,0,0.0,0,0,0,0,0,364
NCT02846766,3,2018,1,1066.0,2,4,0,0.0,1,1,0,1,8.258940462988459,1,0,0,2,0,0,0,0.0,0,0,0,0,0,91
NCT02846766,6,2018,1,1066.0,2,4,0,0.0,1,1,0,1,8.258940462988459,1,0,0,2,0,0,0,0.0,0,0,0,0,0,182
NCT02846766,12,2018,1,1066.0,2,4,0,0.0,1,1,0,1,8.258940462988459,1,0,0,2,0,0,0,0.0,0,0,0,0,0,364
NCT02082522,3,2014,1,792.0,3,0,1,3.367295829986474,2,5,1,1,7.4342573821331355,1,0,0,31,0,0,0,0.3076923076923077,0,0,0,0,0,91
NCT02082522,6,2014,1,792.0,3,0,1,3.367295829986474,2,5,1,1,7.4342573821331355,1,0,0,31,0,0,0,0.15384615384615385,0,0,0,0,0,182
NCT02082522,12,2014,1,792.0,3,0,1,3.367295829986474,2,5,1,1,7.4342573821331355,1,0,0,31,0,0,0,0.07692307692307693,0,0,0,0,0,364
NCT00207831,3,2004,1,1310.0,3,4,0,5.393627546352362,2,1,0,1,7.094234845924755,1,0,0,27,0,0,0,2.4065934065934065,0,0,0,0,0,91
NCT00207831,6,2004,1,1310.0,3,4,0,5.393627546352362,2,1,0,1,7.094234845924755,1,0,0,27,0,0,0,1.2032967032967032,0,0,0,0,0,182
NCT00207831,12,2004,1,1310.0,3,4,0,5.393627546352362,2,1,0,1,7.094234845924755,1,0,0,27,0,0,0,0.6016483516483516,0,0,0,0,0,364
NCT00606502,3,2008,0,905.0,2,0,1,5.308267697401205,2,6,1,1,8.012680929706839,1,0,0,47,0,0,0,2.208791208791209,0,0,0,0,0,91
NCT00606502,6,2008,0,905.0,2,0,1,5.308267697401205,2,6,1,1,8.012680929706839,1,0,0,47,0,0,0,1.1043956043956045,0,0,0,0,0,182
NCT00606502,12,2008,0,905.0,2,0,1,5.308267697401205,2,6,1,1,8.012680929706839,1,0,0,47,0,0,0,0.5521978021978022,0,0,0,0,0,364
NCT01563302,3,2012,0,1486.0,1,0,1,4.174387269895637,1,1,0,2,6.716594773520978,1,0,0,9,0,0,0,0.7032967032967034,0,0,0,0,0,91
NCT01563302,6,2012,0,1486.0,1,0,1,4.174387269895637,1,1,0,2,6.716594773520978,1,0,0,9,0,0,0,0.3516483516483517,0,0,0,0,0,182
NCT01563302,12,2012,0,1486.0,1,0,1,4.174387269895637,1,1,0,2,6.716594773520978,1,0,0,9,0,0,0,0.17582417582417584,0,0,0,0,0,364
NCT03193437,3,2018,1,1399.0,2,4,0,2.1972245773362196,1,1,0,1,7.8399193600125825,1,0,0,2,0,0,0,0.08791208791208792,0,0,0,0,0,91
NCT03193437,6,2018,1,1399.0,2,4,0,2.1972245773362196,1,1,0,1,7.8399193600125825,1,0,0,2,0,0,0,0.04395604395604396,0,0,0,0,0,182
NCT03193437,12,2018,1,1399.0,2,4,0,2.1972245773362196,1,1,0,1,7.8399193600125825,1,0,0,2,0,0,0,0.02197802197802198,0,0,0,0,0,364
NCT00093145,3,2004,0,1583.0,2,0,1,3.4965075614664802,1,1,0,1,7.534762657037537,1,0,0,14,0,0,0,0.3516483516483517,0,0,0,0,0,91
NCT00093145,6,2004,0,1583.0,2,0,1,3.4965075614664802,1,1,0,1,7.534762657037537,1,0,0,14,0,0,0,0.17582417582417584,0,0,0,0,0,182
NCT00093145,12,2004,0,1583.0,2,0,1,3.4965075614664802,1,1,0,1,7.534762657037537,1,0,0,14,0,0,0,0.08791208791208792,0,0,0,0,0,364
NCT00559845,3,2008,0,2707.0,2,0,1,4.04305126783455,1,1,0,1,6.4457198193855785,1,0,1,8,0,0,0,0.6153846153846154,0,0,0,0,0,91
NCT00559845,6,2008,0,2707.0,2,0,1,4.04305126783455,1,1,0,1,6.4457198193855785,1,0,1,8,0,0,0,0.3076923076923077,0,0,0,0,0,182
NCT00559845,12,2008,0,2707.0,2,0,1,4.04305126783455,1,1,0,1,6.4457198193855785,1,0,1,8,0,0,0,0.15384615384615385,0,0,0,0,0,364
NCT00077545,3,2004,0,1155.0,2,1,0,3.6888794541139363,1,1,0,2,7.4949862339505335,1,0,0,1,0,0,0,0.42857142857142855,0,0,0,0,0,91
NCT00077545,6,2004,0,1155.0,2,1,0,3.6888794541139363,1,1,0,2,7.4949862339505335,1,0,0,1,0,0,0,0.21428571428571427,0,0,0,0,0,182
NCT00077545,12,2004,0,1155.0,2,1,0,3.6888794541139363,1,1,0,2,7.4949862339505335,1,0,0,1,0,0,0,0.10714285714285714,0,0,0,0,0,364
NCT02581839,3,2015,0,1689.0,2,4,0,2.302585092994046,1,1,0,1,7.848153086199526,1,1,0,2,0,0,0,0.0989010989010989,0,0,0,0,0,91
NCT02581839,6,2015,0,1689.0,2,4,0,2.302585092994046,1,1,0,1,7.848153086199526,1,1,0,2,0,0,0,0.04945054945054945,0,0,0,0,0,182
NCT02581839,12,2015,0,1689.0,2,4,0,2.302585092994046,1,1,0,1,7.848153086199526,1,1,0,2,0,0,0,0.024725274725274724,0,0,0,0,0,364
NCT02433639,3,2015,0,914.0,2,4,0,3.2188758248682006,1,1,0,1,7.784889295655098,1,0,0,1,0,0,0,0.26373626373626374,0,0,0,0,0,91
NCT02433639,6,2015,0,914.0,2,4,0,3.2188758248682006,1,1,0,1,7.784889295655098,1,0,0,1,0,0,0,0.13186813186813187,0,0,0,0,0,182
NCT02433639,12,2015,0,914.0,2,4,0,3.2188758248682006,1,1,0,1,7.784889295655098,1,0,0,1,0,0,0,0.06593406593406594,0,0,0,0,0,364
NCT00061477,3,2002,0,1370.0,2,0,1,3.8918202981106265,0,1,0,1,6.4425401664681985,1,0,0,10,0,0,0,0.5274725274725275,0,0,0,0,0,91
NCT00061477,6,2002,0,1370.0,2,0,1,3.8918202981106265,0,1,0,1,6.4425401664681985,1,0,0,10,0,0,0,0.26373626373626374,0,0,0,0,0,182
NCT00061477,12,2002,0,1370.0,2,0,1,3.8918202981106265,0,1,0,1,6.4425401664681985,1,0,0,10,0,0,0,0.13186813186813187,0,0,0,0,0,364
NCT07092475,3,2025,1,,3,4,0,0.0,2,1,0,1,6.369900982828227,1,0,0,1,0,0,0,0.0,0,0,0,0,0,91
NCT07092475,6,2025,1,,3,4,0,0.0,2,1,0,1,6.369900982828227,1,0,0,1,0,0,0,0.0,0,0,0,0,0,182
NCT07092475,12,2025,1,,3,4,0,0.0,2,1,0,1,6.369900982828227,1,0,0,1,0,0,0,0.0,0,0,0,0,0,364
NCT04961801,3,2022,1,2863.0,1,4,0,0.0,1,0,0,3,8.51197962436335,1,0,0,0,0,0,0,0.0,0,0,0,0,0,91
NCT04961801,6,2022,1,2863.0,1,4,0,0.0,1,0,0,3,8.51197962436335,1,0,0,0,0,0,0,0.0,0,0,0,0,0,182
NCT04961801,12,2022,1,2863.0,1,4,0,0.0,1,0,0,3,8.51197962436335,1,0,0,0,0,0,0,0.0,0,0,0,0,0,364
NCT01285219,3,2006,0,1065.0,3,4,0,5.823045895483019,2,0,0,1,6.665683717782408,1,0,0,0,0,0,0,3.7032967032967035,0,0,0,0,0,91
NCT01285219,6,2006,0,1065.0,3,4,0,5.823045895483019,2,0,0,1,6.665683717782408,1,0,0,0,0,0,0,1.8516483516483517,0,0,0,0,0,182
NCT01285219,12,2006,0,1065.0,3,4,0,5.823045895483019,2,0,0,1,6.665683717782408,1,0,0,0,0,0,0,0.9258241758241759,0,0,0,0,0,364
NCT00286130,3,2005,0,822.0,2,4,0,5.017279836814924,2,13,1,1,6.952728644624869,1,0,0,27,0,0,0,1.6483516483516483,0,0,0,0,0,91
NCT00286130,6,2005,0,822.0,2,4,0,5.017279836814924,2,13,1,1,6.952728644624869,1,0,0,27,0,0,0,0.8241758241758241,0,0,0,0,0,182
NCT00286130,12,2005,0,822.0,2,4,0,5.017279836814924,2,13,1,1,6.952728644624869,1,0,0,27,0,0,0,0.41208791208791207,0,0,0,0,0,364
NCT02988843,3,2017,1,991.0,2,4,0,0.6931471805599453,1,1,0,1,8.59452453435256,1,0,0,1,0,0,0,0.01098901098901099,0,0,0,0,0,91
NCT02988843,6,2017,1,991.0,2,4,0,0.6931471805599453,1,1,0,1,8.59452453435256,1,0,0,1,0,0,0,0.005494505494505495,0,0,0,0,0,182
NCT02988843,12,2017,1,991.0,2,4,0,0.6931471805599453,1,1,0,1,8.59452453435256,1,0,0,1,0,0,0,0.0027472527472527475,0,0,0,0,0,364
NCT05415215,3,2022,0,1221.0,3,0,1,5.849324779946859,5,17,1,1,8.801017833540714,1,0,0,45,0,0,0,3.802197802197802,0,0,0,0,0,91
NCT05415215,6,2022,0,1221.0,3,0,1,5.849324779946859,5,17,1,1,8.801017833540714,1,0,0,45,0,0,0,1.901098901098901,0,0,0,0,0,182
NCT05415215,12,2022,0,1221.0,3,0,1,5.849324779946859,5,17,1,1,8.801017833540714,1,0,0,45,0,0,0,0.9505494505494505,0,0,0,0,0,364
NCT00992225,3,2009,0,577.0,2,0,1,3.784189633918261,1,1,0,1,6.502790045915623,1,0,0,5,0,0,0,0.4725274725274725,0,0,0,0,0,91
NCT00992225,6,2009,0,577.0,2,0,1,3.784189633918261,1,1,0,1,6.502790045915623,1,0,0,5,0,0,0,0.23626373626373626,0,0,0,0,0,182
NCT00992225,12,2009,0,577.0,2,0,1,3.784189633918261,1,1,0,1,6.502790045915623,1,0,0,5,0,0,0,0.11813186813186813,0,0,0,0,0,364
NCT00129740,3,2005,0,4762.0,2,4,0,5.003946305945459,1,1,0,1,8.398634855292102,1,0,0,1,0,0,0,1.6263736263736264,0,0,0,0,0,91
NCT00129740,6,2005,0,4762.0,2,4,0,5.003946305945459,1,1,0,1,8.398634855292102,1,0,0,1,0,0,0,0.8131868131868132,0,0,0,0,0,182
NCT00129740,12,2005,0,4762.0,2,4,0,5.003946305945459,1,1,0,1,8.398634855292102,1,0,0,1,0,0,0,0.4065934065934066,0,0,0,0,0,364
NCT00041340,3,2002,0,1522.0,2,1,0,3.6375861597263857,1,1,0,1,7.351158226430694,1,0,0,1,0,0,0,0.4065934065934066,0,0,0,0,0,91
NCT00041340,6,2002,0,1522.0,2,1,0,3.6375861597263857,1,1,0,1,7.351158226430694,1,0,0,1,0,0,0,0.2032967032967033,0,0,0,0,0,182
NCT00041340,12,2002,0,1522.0,2,1,0,3.6375861597263857,1,1,0,1,7.351158226430694,1,0,0,1,0,0,0,0.10164835164835165,0,0,0,0,0,364
NCT00051974,3,2002,0,640.0,2,0,1,5.049856007249537,0,1,0,0,8.236685322712457,1,0,0,20,0,0,0,1.7032967032967032,0,0,0,0,0,91
NCT00051974,6,2002,0,640.0,2,0,1,5.049856007249537,0,1,0,0,8.236685322712457,1,0,0,20,0,0,0,0.8516483516483516,0,0,0,0,0,182
NCT00051974,12,2002,0,640.0,2,0,1,5.049856007249537,0,1,0,0,8.236685322712457,1,0,0,20,0,0,0,0.4258241758241758,0,0,0,0,0,364
NCT00081874,3,2004,0,883.0,1,4,0,3.4011973816621555,1,1,0,1,7.7279755421055585,1,0,0,1,0,0,0,0.31868131868131866,0,0,0,0,0,91
NCT00081874,6,2004,0,883.0,1,4,0,3.4011973816621555,1,1,0,1,7.7279755421055585,1,0,0,1,0,0,0,0.15934065934065933,0,0,0,0,0,182
NCT00081874,12,2004,0,883.0,1,4,0,3.4011973816621555,1,1,0,1,7.7279755421055585,1,0,0,1,0,0,0,0.07967032967032966,0,0,0,0,0,364
NCT04856774,3,2021,0,1033.0,1,0,1,4.406719247264253,1,1,0,2,7.01211529430638,1,0,0,1,0,0,0,0.8901098901098901,0,0,0,0,0,91
NCT04856774,6,2021,0,1033.0,1,0,1,4.406719247264253,1,1,0,2,7.01211529430638,1,0,0,1,0,0,0,0.44505494505494503,0,0,0,0,0,182
NCT04856774,12,2021,0,1033.0,1,0,1,4.406719247264253,1,1,0,2,7.01211529430638,1,0,0,1,0,0,0,0.22252747252747251,0,0,0,0,0,364
NCT00002990,3,1997,0,2953.0,3,4,0,7.161622002939187,0,11,1,2,6.992096427415888,0,0,1,40,0,0,0,14.153846153846153,0,0,0,0,0,91
NCT00002990,6,1997,0,2953.0,3,4,0,7.161622002939187,0,11,1,2,6.992096427415888,0,0,1,40,0,0,0,7.076923076923077,0,0,0,0,0,182
NCT00002990,12,1997,0,2953.0,3,4,0,7.161622002939187,0,11,1,2,6.992096427415888,0,0,1,40,0,0,0,3.5384615384615383,0,0,0,0,0,364
NCT00416910,3,1999,1,2984.0,3,4,0,4.430816798843313,2,0,0,0,6.373319789577012,1,0,1,0,0,0,0,0.9120879120879121,0,0,0,0,0,91
NCT00416910,6,1999,1,2984.0,3,4,0,4.430816798843313,2,0,0,0,6.373319789577012,1,0,1,0,0,0,0,0.45604395604395603,0,0,0,0,0,182
NCT00416910,12,1999,1,2984.0,3,4,0,4.430816798843313,2,0,0,0,6.373319789577012,1,0,1,0,0,0,0,0.22802197802197802,0,0,0,0,0,364
NCT01334710,3,2011,1,275.0,2,4,0,1.3862943611198906,1,1,0,1,7.912423121473705,1,0,0,3,0,0,0,0.03296703296703297,0,0,0,0,0,91
NCT01334710,6,2011,1,275.0,2,4,0,1.3862943611198906,1,1,0,1,7.912423121473705,1,0,0,3,0,0,0,0.016483516483516484,0,0,0,0,0,182
NCT02632110,3,2016,0,195.0,2,0,1,4.927253685157205,10,1,0,1,7.363913501405819,1,1,0,8,0,0,0,1.5054945054945055,0,0,0,0,0,91
NCT02632110,6,2016,0,195.0,2,0,1,4.927253685157205,10,1,0,1,7.363913501405819,1,1,0,8,0,0,0,0.7527472527472527,0,0,0,0,0,182
NCT01304160,3,2010,0,2130.0,1,4,0,2.3978952727983707,1,1,0,1,6.779921907472252,0,0,0,1,0,0,0,0.10989010989010989,0,0,0,0,0,91
NCT01304160,6,2010,0,2130.0,1,4,0,2.3978952727983707,1,1,0,1,6.779921907472252,0,0,0,1,0,0,0,0.054945054945054944,0,0,0,0,0,182
NCT01304160,12,2010,0,2130.0,1,4,0,2.3978952727983707,1,1,0,1,6.779921907472252,0,0,0,1,0,0,0,0.027472527472527472,0,0,0,0,0,364
NCT01855724,3,2013,1,1918.0,2,4,0,3.4011973816621555,1,1,0,1,8.293049139768444,1,0,0,17,0,0,0,0.31868131868131866,0,0,0,0,0,91
NCT01855724,6,2013,1,1918.0,2,4,0,3.4011973816621555,1,1,0,1,8.293049139768444,1,0,0,17,0,0,0,0.15934065934065933,0,0,0,0,0,182
NCT01855724,12,2013,1,1918.0,2,4,0,3.4011973816621555,1,1,0,1,8.293049139768444,1,0,0,17,0,0,0,0.07967032967032966,0,0,0,0,0,364
NCT01815424,3,2013,0,577.0,3,0,1,5.58724865840025,3,3,1,2,6.8679744089702925,1,0,0,24,0,0,0,2.923076923076923,0,0,0,0,0,91
NCT01815424,6,2013,0,577.0,3,0,1,5.58724865840025,3,3,1,2,6.8679744089702925,1,0,0,24,0,0,0,1.4615384615384615,0,0,0,0,0,182
NCT01815424,12,2013,0,577.0,3,0,1,5.58724865840025,3,3,1,2,6.8679744089702925,1,0,0,24,0,0,0,0.7307692307692307,0,0,0,0,0,364
NCT02511223,3,2016,0,1752.0,2,2,0,3.2188758248682006,1,1,0,1,8.201111644442758,1,0,0,1,0,0,0,0.26373626373626374,0,0,0,0,0,91
NCT02511223,6,2016,0,1752.0,2,2,0,3.2188758248682006,1,1,0,1,8.201111644442758,1,0,0,1,0,0,0,0.13186813186813187,0,0,0,0,0,182
NCT02511223,12,2016,0,1752.0,2,2,0,3.2188758248682006,1,1,0,1,8.201111644442758,1,0,0,1,0,0,0,0.06593406593406594,0,0,0,0,0,364
NCT00965523,3,2008,0,1096.0,2,0,1,4.406719247264253,1,1,0,1,8.014666370464942,1,0,0,5,0,0,0,0.8901098901098901,0,0,0,0,0,91
NCT00965523,6,2008,0,1096.0,2,0,1,4.406719247264253,1,1,0,1,8.014666370464942,1,0,0,5,0,0,0,0.44505494505494503,0,0,0,0,0,182
NCT00965523,12,2008,0,1096.0,2,0,1,4.406719247264253,1,1,0,1,8.014666370464942,1,0,0,5,0,0,0,0.22252747252747251,0,0,0,0,0,364
NCT00871923,3,2009,0,3905.0,2,4,0,3.8066624897703196,1,1,0,1,7.682943169878292,1,0,0,2,0,0,0,0.4835164835164835,0,0,0,0,0,91
NCT00871923,6,2009,0,3905.0,2,4,0,3.8066624897703196,1,1,0,1,7.682943169878292,1,0,0,2,0,0,0,0.24175824175824176,0,0,0,0,0,182
NCT00871923,12,2009,0,3905.0,2,4,0,3.8066624897703196,1,1,0,1,7.682943169878292,1,0,0,2,0,0,0,0.12087912087912088,0,0,0,0,0,364
NCT01807546,3,2013,0,1127.0,2,0,1,4.174387269895637,1,1,0,1,8.27410200229233,1,0,0,13,0,0,0,0.7032967032967034,0,0,0,0,0,91
NCT01807546,6,2013,0,1127.0,2,0,1,4.174387269895637,1,1,0,1,8.27410200229233,1,0,0,13,0,0,0,0.3516483516483517,0,0,0,0,0,182
NCT01807546,12,2013,0,1127.0,2,0,1,4.174387269895637,1,1,0,1,8.27410200229233,1,0,0,13,0,0,0,0.17582417582417584,0,0,0,0,0,364
NCT03439046,3,2018,0,2138.0,3,0,1,5.662960480135946,2,1,0,1,7.944846711001996,1,0,0,41,0,0,0,3.1538461538461537,0,0,0,0,0,91
NCT03439046,6,2018,0,2138.0,3,0,1,5.662960480135946,2,1,0,1,7.944846711001996,1,0,0,41,0,0,0,1.5769230769230769,0,0,0,0,0,182
NCT03439046,12,2018,0,2138.0,3,0,1,5.662960480135946,2,1,0,1,7.944846711001996,1,0,0,41,0,0,0,0.7884615384615384,0,0,0,0,0,364
NCT00373256,3,2006,0,1734.0,3,0,1,6.192362489474872,2,4,1,1,6.285998094508865,1,0,0,250,0,0,0,5.362637362637362,0,0,0,0,0,91
NCT00373256,6,2006,0,1734.0,3,0,1,6.192362489474872,2,4,1,1,6.285998094508865,1,0,0,250,0,0,0,2.681318681318681,0,0,0,0,0,182
NCT00373256,12,2006,0,1734.0,3,0,1,6.192362489474872,2,4,1,1,6.285998094508865,1,0,0,250,0,0,0,1.3406593406593406,0,0,0,0,0,364
NCT00895622,3,2009,0,5188.0,2,4,0,5.501258210544727,3,2,1,1,8.790269111478656,0,0,0,78,0,0,0,2.681318681318681,0,0,0,0,0,91
NCT00895622,6,2009,0,5188.0,2,4,0,5.501258210544727,3,2,1,1,8.790269111478656,0,0,0,78,0,0,0,1.3406593406593406,0,0,0,0,0,182
NCT00895622,12,2009,0,5188.0,2,4,0,5.501258210544727,3,2,1,1,8.790269111478656,0,0,0,78,0,0,0,0.6703296703296703,0,0,0,0,0,364
NCT05054751,3,2021,0,932.0,3,0,1,5.62040086571715,2,1,0,1,8.231642179973411,1,0,0,54,0,0,0,3.021978021978022,0,0,0,0,0,91
NCT05054751,6,2021,0,932.0,3,0,1,5.62040086571715,2,1,0,1,8.231642179973411,1,0,0,54,0,0,0,1.510989010989011,0,0,0,0,0,182
NCT05054751,12,2021,0,932.0,3,0,1,5.62040086571715,2,1,0,1,8.231642179973411,1,0,0,54,0,0,0,0.7554945054945055,0,0,0,0,0,364
NCT05025631,3,2020,0,723.0,2,4,0,3.4011973816621555,1,1,0,1,7.649216319820633,1,0,0,1,0,0,0,0.31868131868131866,0,0,0,0,0,91
NCT05025631,6,2020,0,723.0,2,4,0,3.4011973816621555,1,1,0,1,7.649216319820633,1,0,0,1,0,0,0,0.15934065934065933,0,0,0,0,0,182
NCT05025631,12,2020,0,723.0,2,4,0,3.4011973816621555,1,1,0,1,7.649216319820633,1,0,0,1,0,0,0,0.07967032967032966,0,0,0,0,0,364
NCT04704453,3,2021,0,1461.0,2,4,0,2.6390573296152584,2,1,0,1,7.734121303328305,1,0,0,4,0,0,0,0.14285714285714285,0,0,0,0,0,91
NCT04704453,6,2021,0,1461.0,2,4,0,2.6390573296152584,2,1,0,1,7.734121303328305,1,0,0,4,0,0,0,0.07142857142857142,0,0,0,0,0,182
NCT04704453,12,2021,0,1461.0,2,4,0,2.6390573296152584,2,1,0,1,7.734121303328305,1,0,0,4,0,0,0,0.03571428571428571,0,0,0,0,0,364
NCT03938337,3,2019,1,178.0,2,4,0,0.6931471805599453,2,1,0,3,8.600246746551523,1,0,0,1,0,0,0,0.01098901098901099,0,0,0,0,0,91
NCT01826045,3,2013,0,944.0,2,0,1,5.303304908059076,2,1,0,1,7.138073034044347,1,0,0,7,0,0,0,2.197802197802198,0,0,0,0,0,91
NCT01826045,6,2013,0,944.0,2,0,1,5.303304908059076,2,1,0,1,7.138073034044347,1,0,0,7,0,0,0,1.098901098901099,0,0,0,0,0,182
NCT01826045,12,2013,0,944.0,2,0,1,5.303304908059076,2,1,0,1,7.138073034044347,1,0,0,7,0,0,0,0.5494505494505495,0,0,0,0,0,364
NCT00048139,3,2001,0,1339.0,2,0,1,3.970291913552122,1,1,0,1,5.849324779946859,1,0,0,11,0,0,0,0.5714285714285714,0,0,0,0,0,91
NCT00048139,6,2001,0,1339.0,2,0,1,3.970291913552122,1,1,0,1,5.849324779946859,1,0,0,11,0,0,0,0.2857142857142857,0,0,0,0,0,182
NCT00048139,12,2001,0,1339.0,2,0,1,3.970291913552122,1,1,0,1,5.849324779946859,1,0,0,11,0,0,0,0.14285714285714285,0,0,0,0,0,364
NCT00860639,3,2007,0,3283.0,3,4,0,5.793013608384144,2,1,0,1,7.418180822726788,1,0,0,29,0,0,0,3.5934065934065935,0,0,0,0,0,91
NCT00860639,6,2007,0,3283.0,3,4,0,5.793013608384144,2,1,0,1,7.418180822726788,1,0,0,29,0,0,0,1.7967032967032968,0,0,0,0,0,182
NCT00860639,12,2007,0,3283.0,3,4,0,5.793013608384144,2,1,0,1,7.418180822726788,1,0,0,29,0,0,0,0.8983516483516484,0,0,0,0,0,364
NCT01024101,3,2004,0,700.0,2,0,1,3.6109179126442243,1,0,0,2,5.820082930352362,1,0,0,0,0,0,0,0.3956043956043956,0,0,0,0,0,91
NCT01024101,6,2004,0,700.0,2,0,1,3.6109179126442243,1,0,0,2,5.820082930352362,1,0,0,0,0,0,0,0.1978021978021978,0,0,0,0,0,182
NCT01024101,12,2004,0,700.0,2,0,1,3.6109179126442243,1,0,0,2,5.820082930352362,1,0,0,0,0,0,0,0.0989010989010989,0,0,0,0,0,364
NCT01348919,3,2011,0,589.0,1,0,1,2.4849066497880004,3,2,1,2,8.499232866039245,1,0,0,8,0,0,0,0.12087912087912088,0,0,0,0,0,91
NCT01348919,6,2011,0,589.0,1,0,1,2.4849066497880004,3,2,1,2,8.499232866039245,1,0,0,8,0,0,0,0.06043956043956044,0,0,0,0,0,182
NCT01348919,12,2011,0,589.0,1,0,1,2.4849066497880004,3,2,1,2,8.499232866039245,1,0,0,8,0,0,0,0.03021978021978022,0,0,0,0,0,364
NCT01048528,3,2009,0,945.0,2,4,0,3.5263605246161616,2,1,0,1,6.302618975744905,0,0,0,1,0,0,0,0.3626373626373626,0,0,0,0,0,91
NCT01048528,6,2009,0,945.0,2,4,0,3.5263605246161616,2,1,0,1,6.302618975744905,0,0,0,1,0,0,0,0.1813186813186813,0,0,0,0,0,182
NCT01048528,12,2009,0,945.0,2,4,0,3.5263605246161616,2,1,0,1,6.302618975744905,0,0,0,1,0,0,0,0.09065934065934066,0,0,0,0,0,364
NCT00700440,3,2008,0,274.0,2,4,0,4.61512051684126,1,1,0,1,7.5688956634069955,1,0,0,1,0,0,0,1.098901098901099,0,0,0,0,0,91
NCT00700440,6,2008,0,274.0,2,4,0,4.61512051684126,1,1,0,1,7.5688956634069955,1,0,0,1,0,0,0,0.5494505494505495,0,0,0,0,0,182
NCT01155440,3,2009,0,852.0,2,4,0,4.110873864173311,2,1,0,1,6.483107351457199,1,0,0,1,0,0,0,0.6593406593406593,0,0,0,0,0,91
NCT01155440,6,2009,0,852.0,2,4,0,4.110873864173311,2,1,0,1,6.483107351457199,1,0,0,1,0,0,0,0.32967032967032966,0,0,0,0,0,182
NCT01155440,12,2009,0,852.0,2,4,0,4.110873864173311,2,1,0,1,6.483107351457199,1,0,0,1,0,0,0,0.16483516483516483,0,0,0,0,0,364
NCT00561990,3,2007,0,2314.0,2,0,1,5.241747015059643,2,1,0,1,8.259975659768276,1,0,0,1,0,0,0,2.065934065934066,0,0,0,0,0,91
NCT00561990,6,2007,0,2314.0,2,0,1,5.241747015059643,2,1,0,1,8.259975659768276,1,0,0,1,0,0,0,1.032967032967033,0,0,0,0,0,182
NCT00561990,12,2007,0,2314.0,2,0,1,5.241747015059643,2,1,0,1,8.259975659768276,1,0,0,1,0,0,0,0.5164835164835165,0,0,0,0,0,364
NCT00337259,3,2006,1,1004.0,2,4,0,3.784189633918261,1,1,0,1,6.573680166960646,1,0,0,1,0,0,0,0.4725274725274725,0,0,0,0,0,91
NCT00337259,6,2006,1,1004.0,2,4,0,3.784189633918261,1,1,0,1,6.573680166960646,1,0,0,1,0,0,0,0.23626373626373626,0,0,0,0,0,182
NCT00337259,12,2006,1,1004.0,2,4,0,3.784189633918261,1,1,0,1,6.573680166960646,1,0,0,1,0,0,0,0.11813186813186813,0,0,0,0,0,364
NCT00323362,3,2006,1,914.0,2,4,0,2.8903717578961645,1,1,0,1,8.031385330625534,1,0,0,3,0,0,0,0.18681318681318682,0,0,0,0,0,91
NCT00323362,6,2006,1,914.0,2,4,0,2.8903717578961645,1,1,0,1,8.031385330625534,1,0,0,3,0,0,0,0.09340659340659341,0,0,0,0,0,182
NCT00323362,12,2006,1,914.0,2,4,0,2.8903717578961645,1,1,0,1,8.031385330625534,1,0,0,3,0,0,0,0.046703296703296704,0,0,0,0,0,364
NCT01576588,3,2011,0,2800.0,2,4,0,3.258096538021482,1,1,0,1,7.873978379604501,1,0,0,1,0,0,0,0.27472527472527475,0,0,0,0,0,91
NCT01576588,6,2011,0,2800.0,2,4,0,3.258096538021482,1,1,0,1,7.873978379604501,1,0,0,1,0,0,0,0.13736263736263737,0,0,0,0,0,182
NCT01576588,12,2011,0,2800.0,2,4,0,3.258096538021482,1,1,0,1,7.873978379604501,1,0,0,1,0,0,0,0.06868131868131869,0,0,0,0,0,364
NCT02569788,3,2015,1,608.0,1,4,0,2.302585092994046,1,1,0,1,7.046647277848756,0,0,0,1,0,0,0,0.0989010989010989,0,0,0,0,0,91
NCT02569788,6,2015,1,608.0,1,4,0,2.302585092994046,1,1,0,1,7.046647277848756,0,0,0,1,0,0,0,0.04945054945054945,0,0,0,0,0,182
NCT02569788,12,2015,1,608.0,1,4,0,2.302585092994046,1,1,0,1,7.046647277848756,0,0,0,1,0,0,0,0.024725274725274724,0,0,0,0,0,364
NCT00176488,3,2003,1,2314.0,2,4,0,3.4657359027997265,1,1,0,1,7.681560362559537,1,0,0,1,0,0,0,0.34065934065934067,0,0,0,0,0,91
NCT00176488,6,2003,1,2314.0,2,4,0,3.4657359027997265,1,1,0,1,7.681560362559537,1,0,0,1,0,0,0,0.17032967032967034,0,0,0,0,0,182
NCT00176488,12,2003,1,2314.0,2,4,0,3.4657359027997265,1,1,0,1,7.681560362559537,1,0,0,1,0,0,0,0.08516483516483517,0,0,0,0,0,364
NCT02632903,3,2016,1,688.0,2,4,0,0.0,1,1,0,1,7.493317248862145,1,0,0,1,0,0,0,0.0,0,0,0,0,0,91
NCT02632903,6,2016,1,688.0,2,4,0,0.0,1,1,0,1,7.493317248862145,1,0,0,1,0,0,0,0.0,0,0,0,0,0,182
NCT02632903,12,2016,1,688.0,2,4,0,0.0,1,1,0,1,7.493317248862145,1,0,0,1,0,0,0,0.0,0,0,0,0,0,364
NCT00085527,3,2005,1,123.0,2,4,0,0.0,1,1,0,1,8.022896869601457,1,0,0,1,0,0,0,0.0,0,0,0,0,0,91
NCT02128061,3,2014,0,2345.0,3,4,0,5.5254529391317835,2,2,1,1,8.351846738828245,1,0,0,97,0,0,0,2.7472527472527473,0,0,0,0,0,91
NCT02128061,6,2014,0,2345.0,3,4,0,5.5254529391317835,2,2,1,1,8.351846738828245,1,0,0,97,0,0,0,1.3736263736263736,0,0,0,0,0,182
NCT02128061,12,2014,0,2345.0,3,4,0,5.5254529391317835,2,2,1,1,8.351846738828245,1,0,0,97,0,0,0,0.6868131868131868,0,0,0,0,0,364
NCT00004161,3,1997,0,2405.0,2,4,0,3.4339872044851463,2,1,0,1,7.241366283322318,1,0,0,1,0,0,0,0.32967032967032966,0,0,0,0,0,91
NCT00004161,6,1997,0,2405.0,2,4,0,3.4339872044851463,2,1,0,1,7.241366283322318,1,0,0,1,0,0,0,0.16483516483516483,0,0,0,0,0,182
NCT00004161,12,1997,0,2405.0,2,4,0,3.4339872044851463,2,1,0,1,7.241366283322318,1,0,0,1,0,0,0,0.08241758241758242,0,0,0,0,0,364
NCT00003042,3,1997,0,10387.0,2,4,0,3.7376696182833684,2,1,0,2,7.449498005382849,1,0,1,1,0,0,0,0.45054945054945056,0,0,0,0,0,91
NCT00003042,6,1997,0,10387.0,2,4,0,3.7376696182833684,2,1,0,2,7.449498005382849,1,0,1,1,0,0,0,0.22527472527472528,0,0,0,0,0,182
NCT00003042,12,1997,0,10387.0,2,4,0,3.7376696182833684,2,1,0,2,7.449498005382849,1,0,1,1,0,0,0,0.11263736263736264,0,0,0,0,0,364
NCT02077569,3,2014,0,1147.0,2,4,0,3.8918202981106265,4,1,0,1,8.359134886757962,1,0,0,11,0,0,0,0.5274725274725275,0,0,0,0,0,91
NCT02077569,6,2014,0,1147.0,2,4,0,3.8918202981106265,4,1,0,1,8.359134886757962,1,0,0,11,0,0,0,0.26373626373626374,0,0,0,0,0,182
NCT02077569,12,2014,0,1147.0,2,4,0,3.8918202981106265,4,1,0,1,8.359134886757962,1,0,0,11,0,0,0,0.13186813186813187,0,0,0,0,0,364
NCT01973322,3,2013,0,3908.0,2,4,0,3.5553480614894135,4,1,0,3,8.247482004285693,0,0,1,1,0,0,0,0.37362637362637363,0,0,0,0,0,91
NCT01973322,6,2013,0,3908.0,2,4,0,3.5553480614894135,4,1,0,3,8.247482004285693,0,0,1,1,0,0,0,0.18681318681318682,0,0,0,0,0,182
NCT01973322,12,2013,0,3908.0,2,4,0,3.5553480614894135,4,1,0,3,8.247482004285693,0,0,1,1,0,0,0,0.09340659340659341,0,0,0,0,0,364
NCT01118351,3,2008,1,2526.0,2,4,0,2.995732273553991,1,1,0,1,8.307212626628308,1,0,0,2,0,0,0,0.2087912087912088,0,0,0,0,0,91
NCT01118351,6,2008,1,2526.0,2,4,0,2.995732273553991,1,1,0,1,8.307212626628308,1,0,0,2,0,0,0,0.1043956043956044,0,0,0,0,0,182
NCT01118351,12,2008,1,2526.0,2,4,0,2.995732273553991,1,1,0,1,8.307212626628308,1,0,0,2,0,0,0,0.0521978021978022,0,0,0,0,0,364
NCT00263029,3,2002,0,1734.0,2,0,1,2.9444389791664403,1,0,0,1,7.180069874302796,1,0,0,0,0,0,0,0.1978021978021978,0,0,0,0,0,91
NCT00263029,6,2002,0,1734.0,2,0,1,2.9444389791664403,1,0,0,1,7.180069874302796,1,0,0,0,0,0,0,0.0989010989010989,0,0,0,0,0,182
NCT00263029,12,2002,0,1734.0,2,0,1,2.9444389791664403,1,0,0,1,7.180069874302796,1,0,0,0,0,0,0,0.04945054945054945,0,0,0,0,0,364
NCT04101331,3,2019,0,1520.0,2,0,1,4.6913478822291435,1,10,1,1,7.527793987721444,1,0,0,69,0,0,0,1.1868131868131868,0,0,0,0,0,91
NCT04101331,6,2019,0,1520.0,2,0,1,4.6913478822291435,1,10,1,1,7.527793987721444,1,0,0,69,0,0,0,0.5934065934065934,0,0,0,0,0,182
NCT04101331,12,2019,0,1520.0,2,0,1,4.6913478822291435,1,10,1,1,7.527793987721444,1,0,0,69,0,0,0,0.2967032967032967,0,0,0,0,0,364
NCT00970502,3,2007,0,1369.0,1,4,0,2.772588722239781,1,1,0,1,7.1808311990445555,1,0,0,1,0,0,0,0.16483516483516483,0,0,0,0,0,91
NCT00970502,6,2007,0,1369.0,1,4,0,2.772588722239781,1,1,0,1,7.1808311990445555,1,0,0,1,0,0,0,0.08241758241758242,0,0,0,0,0,182
NCT00970502,12,2007,0,1369.0,1,4,0,2.772588722239781,1,1,0,1,7.1808311990445555,1,0,0,1,0,0,0,0.04120879120879121,0,0,0,0,0,364
NCT00593853,3,2008,1,1216.0,2,4,0,3.5263605246161616,2,1,0,1,7.560080465021827,1,0,0,1,0,0,0,0.3626373626373626,0,0,0,0,0,91
NCT00593853,6,2008,1,1216.0,2,4,0,3.5263605246161616,2,1,0,1,7.560080465021827,1,0,0,1,0,0,0,0.1813186813186813,0,0,0,0,0,182
NCT00593853,12,2008,1,1216.0,2,4,0,3.5263605246161616,2,1,0,1,7.560080465021827,1,0,0,1,0,0,0,0.09065934065934066,0,0,0,0,0,364
NCT01815853,3,2013,0,4383.0,3,4,0,6.431331081933479,2,1,0,1,7.6638772587034705,1,0,0,1,0,0,0,6.813186813186813,0,0,0,0,0,91
NCT01815853,6,2013,0,4383.0,3,4,0,6.431331081933479,2,1,0,1,7.6638772587034705,1,0,0,1,0,0,0,3.4065934065934065,0,0,0,0,0,182
NCT01815853,12,2013,0,4383.0,3,4,0,6.431331081933479,2,1,0,1,7.6638772587034705,1,0,0,1,0,0,0,1.7032967032967032,0,0,0,0,0,364
NCT01661972,3,2012,0,1411.0,1,4,0,4.1588830833596715,2,1,0,3,8.432506383249043,1,0,0,2,0,0,0,0.6923076923076923,0,0,0,0,0,91
NCT01661972,6,2012,0,1411.0,1,4,0,4.1588830833596715,2,1,0,3,8.432506383249043,1,0,0,2,0,0,0,0.34615384615384615,0,0,0,0,0,182
NCT01661972,12,2012,0,1411.0,1,4,0,4.1588830833596715,2,1,0,3,8.432506383249043,1,0,0,2,0,0,0,0.17307692307692307,0,0,0,0,0,364
NCT00188695,3,2004,0,6557.0,1,4,0,4.127134385045092,0,1,0,2,6.920671504248683,0,0,0,1,0,0,0,0.6703296703296703,0,0,0,0,0,91
NCT00188695,6,2004,0,6557.0,1,4,0,4.127134385045092,0,1,0,2,6.920671504248683,0,0,0,1,0,0,0,0.33516483516483514,0,0,0,0,0,182
NCT00188695,12,2004,0,6557.0,1,4,0,4.127134385045092,0,1,0,2,6.920671504248683,0,0,0,1,0,0,0,0.16758241758241757,0,0,0,0,0,364
NCT00523939,3,2006,1,1096.0,2,4,0,1.6094379124341003,2,1,0,1,7.5678626054638825,1,0,0,1,0,0,0,0.04395604395604396,0,0,0,0,0,91
NCT00523939,6,2006,1,1096.0,2,4,0,1.6094379124341003,2,1,0,1,7.5678626054638825,1,0,0,1,0,0,0,0.02197802197802198,0,0,0,0,0,182
NCT00523939,12,2006,1,1096.0,2,4,0,1.6094379124341003,2,1,0,1,7.5678626054638825,1,0,0,1,0,0,0,0.01098901098901099,0,0,0,0,0,364
NCT03837977,3,2018,0,2205.0,2,4,0,4.07753744390572,2,1,0,1,8.598035579260339,1,0,0,4,0,0,0,0.6373626373626373,0,0,0,0,0,91
NCT03837977,6,2018,0,2205.0,2,4,0,4.07753744390572,2,1,0,1,8.598035579260339,1,0,0,4,0,0,0,0.31868131868131866,0,0,0,0,0,182
NCT03837977,12,2018,0,2205.0,2,4,0,4.07753744390572,2,1,0,1,8.598035579260339,1,0,0,4,0,0,0,0.15934065934065933,0,0,0,0,0,364
NCT01415375,3,2004,0,1764.0,2,4,0,6.19644412779452,2,1,0,4,5.402677381872279,0,0,0,1,0,0,0,5.384615384615385,0,0,0,0,0,91
NCT01415375,6,2004,0,1764.0,2,4,0,6.19644412779452,2,1,0,4,5.402677381872279,0,0,0,1,0,0,0,2.6923076923076925,0,0,0,0,0,182
NCT01415375,12,2004,0,1764.0,2,4,0,6.19644412779452,2,1,0,4,5.402677381872279,0,0,0,1,0,0,0,1.3461538461538463,0,0,0,0,0,364
NCT02429375,3,2015,0,2128.0,1,4,0,2.0794415416798357,1,1,0,1,8.131530710604252,1,0,0,1,0,0,0,0.07692307692307693,0,0,0,0,0,91
NCT02429375,6,2015,0,2128.0,1,4,0,2.0794415416798357,1,1,0,1,8.131530710604252,1,0,0,1,0,0,0,0.038461538461538464,0,0,0,0,0,182
NCT02429375,12,2015,0,2128.0,1,4,0,2.0794415416798357,1,1,0,1,8.131530710604252,1,0,0,1,0,0,0,0.019230769230769232,0,0,0,0,0,364
NCT02318901,3,2014,1,1400.0,1,4,0,2.833213344056216,3,1,0,1,8.577347114235984,1,0,0,1,0,0,0,0.17582417582417584,0,0,0,0,0,91
NCT02318901,6,2014,1,1400.0,1,4,0,2.833213344056216,3,1,0,1,8.577347114235984,1,0,0,1,0,0,0,0.08791208791208792,0,0,0,0,0,182
NCT02318901,12,2014,1,1400.0,1,4,0,2.833213344056216,3,1,0,1,8.577347114235984,1,0,0,1,0,0,0,0.04395604395604396,0,0,0,0,0,364
NCT05110781,3,2021,1,497.0,2,4,0,0.6931471805599453,1,1,0,1,9.243968552956167,0,0,1,1,0,0,0,0.01098901098901099,0,0,0,0,0,91
NCT05110781,6,2021,1,497.0,2,4,0,0.6931471805599453,1,1,0,1,9.243968552956167,0,0,1,1,0,0,0,0.005494505494505495,0,0,0,0,0,182
NCT05110781,12,2021,1,497.0,2,4,0,0.6931471805599453,1,1,0,1,9.243968552956167,0,0,1,1,0,0,0,0.0027472527472527475,0,0,0,0,0,364
NCT02301481,3,2014,0,1430.0,2,4,0,4.276666119016055,2,1,0,1,7.313220387090301,1,0,0,1,0,0,0,0.7802197802197802,0,0,0,0,0,91
NCT02301481,6,2014,0,1430.0,2,4,0,4.276666119016055,2,1,0,1,7.313220387090301,1,0,0,1,0,0,0,0.3901098901098901,0,0,0,0,0,182
NCT02301481,12,2014,0,1430.0,2,4,0,4.276666119016055,2,1,0,1,7.313220387090301,1,0,0,1,0,0,0,0.19505494505494506,0,0,0,0,0,364
NCT00151281,3,2004,0,2348.0,2,4,0,3.258096538021482,1,1,0,1,6.996681488176539,1,0,0,1,0,0,0,0.27472527472527475,0,0,0,0,0,91
NCT00151281,6,2004,0,2348.0,2,4,0,3.258096538021482,1,1,0,1,6.996681488176539,1,0,0,1,0,0,0,0.13736263736263737,0,0,0,0,0,182
NCT00151281,12,2004,0,2348.0,2,4,0,3.258096538021482,1,1,0,1,6.996681488176539,1,0,0,1,0,0,0,0.06868131868131869,0,0,0,0,0,364
NCT01088581,3,2006,0,1065.0,3,4,0,4.624972813284271,2,1,0,1,6.523562306149512,1,0,0,1,0,0,0,1.10989010989011,0,0,0,0,0,91
NCT01088581,6,2006,0,1065.0,3,4,0,4.624972813284271,2,1,0,1,6.523562306149512,1,0,0,1,0,0,0,0.554945054945055,0,0,0,0,0,182
NCT01088581,12,2006,0,1065.0,3,4,0,4.624972813284271,2,1,0,1,6.523562306149512,1,0,0,1,0,0,0,0.2774725274725275,0,0,0,0,0,364
NCT04809012,3,2021,1,1096.0,2,0,1,0.0,1,0,0,1,8.458292083496076,0,0,1,0,0,0,0,0.0,0,0,0,0,0,91
NCT04809012,6,2021,1,1096.0,2,0,1,0.0,1,0,0,1,8.458292083496076,0,0,1,0,0,0,0,0.0,0,0,0,0,0,182
NCT04809012,12,2021,1,1096.0,2,0,1,0.0,1,0,0,1,8.458292083496076,0,0,1,0,0,0,0,0.0,0,0,0,0,0,364
NCT04714619,3,2021,1,355.0,2,4,0,1.0986122886681098,1,1,0,1,9.278559610953327,1,0,0,2,0,0,0,0.02197802197802198,0,0,0,0,0,91
NCT04714619,6,2021,1,355.0,2,4,0,1.0986122886681098,1,1,0,1,9.278559610953327,1,0,0,2,0,0,0,0.01098901098901099,0,0,0,0,0,182
NCT03259919,3,2000,0,881.0,2,4,0,3.713572066704308,2,1,0,5,6.590301048196686,1,0,0,1,0,0,0,0.43956043956043955,0,0,0,0,0,91
NCT03259919,6,2000,0,881.0,2,4,0,3.713572066704308,2,1,0,5,6.590301048196686,1,0,0,1,0,0,0,0.21978021978021978,0,0,0,0,0,182
NCT03259919,12,2000,0,881.0,2,4,0,3.713572066704308,2,1,0,5,6.590301048196686,1,0,0,1,0,0,0,0.10989010989010989,0,0,0,0,0,364
NCT02304367,3,2015,0,2130.0,2,0,1,2.8903717578961645,1,1,0,5,8.268731832117737,0,0,1,7,0,0,0,0.18681318681318682,0,0,0,0,0,91
NCT02304367,6,2015,0,2130.0,2,0,1,2.8903717578961645,1,1,0,5,8.268731832117737,0,0,1,7,0,0,0,0.09340659340659341,0,0,0,0,0,182
NCT02304367,12,2015,0,2130.0,2,0,1,2.8903717578961645,1,1,0,5,8.268731832117737,0,0,1,7,0,0,0,0.046703296703296704,0,0,0,0,0,364
NCT01911000,3,2013,0,973.0,2,4,0,4.248495242049359,1,1,0,1,7.713784616598755,0,0,0,1,0,0,0,0.7582417582417582,0,0,0,0,0,91
NCT01911000,6,2013,0,973.0,2,4,0,4.248495242049359,1,1,0,1,7.713784616598755,0,0,0,1,0,0,0,0.3791208791208791,0,0,0,0,0,182
NCT01911000,12,2013,0,973.0,2,4,0,4.248495242049359,1,1,0,1,7.713784616598755,0,0,0,1,0,0,0,0.18956043956043955,0,0,0,0,0,364
NCT00109707,3,2005,0,2710.0,1,0,1,6.230481447578482,3,22,1,2,7.551186867296149,1,0,0,101,0,0,0,5.571428571428571,0,0,0,0,0,91
NCT00109707,6,2005,0,2710.0,1,0,1,6.230481447578482,3,22,1,2,7.551186867296149,1,0,0,101,0,0,0,2.7857142857142856,0,0,0,0,0,182
NCT00109707,12,2005,0,2710.0,1,0,1,6.230481447578482,3,22,1,2,7.551186867296149,1,0,0,101,0,0,0,1.3928571428571428,0,0,0,0,0,364
NCT00947167,3,2009,1,426.0,2,4,0,1.6094379124341003,1,1,0,1,8.537583881063972,1,0,0,1,0,0,0,0.04395604395604396,0,0,0,0,0,91
NCT00947167,6,2009,1,426.0,2,4,0,1.6094379124341003,1,1,0,1,8.537583881063972,1,0,0,1,0,0,0,0.02197802197802198,0,0,0,0,0,182
NCT00947167,12,2009,1,426.0,2,4,0,1.6094379124341003,1,1,0,1,8.537583881063972,1,0,0,1,0,0,0,0.01098901098901099,0,0,0,0,0,364
NCT00200200,3,2004,0,7419.0,2,4,0,4.30406509320417,2,1,0,1,8.096208271650037,1,0,0,5,0,0,0,0.8021978021978022,0,0,0,0,0,91
NCT00200200,6,2004,0,7419.0,2,4,0,4.30406509320417,2,1,0,1,8.096208271650037,1,0,0,5,0,0,0,0.4010989010989011,0,0,0,0,0,182
NCT00200200,12,2004,0,7419.0,2,4,0,4.30406509320417,2,1,0,1,8.096208271650037,1,0,0,5,0,0,0,0.20054945054945056,0,0,0,0,0,364
NCT03197467,3,2018,0,1782.0,2,4,0,3.4339872044851463,1,1,0,5,8.670257567143075,1,0,0,1,0,0,0,0.32967032967032966,0,0,0,0,0,91
NCT03197467,6,2018,0,1782.0,2,4,0,3.4339872044851463,1,1,0,5,8.670257567143075,1,0,0,1,0,0,0,0.16483516483516483,0,0,0,0,0,182
NCT03197467,12,2018,0,1782.0,2,4,0,3.4339872044851463,1,1,0,5,8.670257567143075,1,0,0,1,0,0,0,0.08241758241758242,0,0,0,0,0,364
NCT00301912,3,2002,1,2130.0,2,4,0,0.0,0,1,0,2,8.339978571990427,1,0,1,1,0,0,0,0.0,0,0,0,0,0,91
NCT00301912,6,2002,1,2130.0,2,4,0,0.0,0,1,0,2,8.339978571990427,1,0,1,1,0,0,0,0.0,0,0,0,0,0,182
NCT00301912,12,2002,1,2130.0,2,4,0,0.0,0,1,0,2,8.339978571990427,1,0,1,1,0,0,0,0.0,0,0,0,0,0,364
NCT00797719,3,2008,0,6207.0,1,4,0,4.653960350157523,1,1,0,1,7.158513997329321,0,0,0,1,0,0,0,1.1428571428571428,0,0,0,0,0,91
NCT00797719,6,2008,0,6207.0,1,4,0,4.653960350157523,1,1,0,1,7.158513997329321,0,0,0,1,0,0,0,0.5714285714285714,0,0,0,0,0,182
NCT00797719,12,2008,0,6207.0,1,4,0,4.653960350157523,1,1,0,1,7.158513997329321,0,0,0,1,0,0,0,0.2857142857142857,0,0,0,0,0,364
NCT02072330,3,2013,0,275.0,2,0,1,5.869296913133774,5,1,0,1,7.682943169878292,1,0,0,13,0,0,0,3.879120879120879,0,0,0,0,0,91
NCT02072330,6,2013,0,275.0,2,0,1,5.869296913133774,5,1,0,1,7.682943169878292,1,0,0,13,0,0,0,1.9395604395604396,0,0,0,0,0,182
NCT03826628,3,2019,0,1131.0,2,0,1,4.68213122712422,3,9,1,1,7.438383530044307,1,0,0,17,0,0,0,1.1758241758241759,0,0,0,0,0,91
NCT03826628,6,2019,0,1131.0,2,0,1,4.68213122712422,3,9,1,1,7.438383530044307,1,0,0,17,0,0,0,0.5879120879120879,0,0,0,0,0,182
NCT03826628,12,2019,0,1131.0,2,0,1,4.68213122712422,3,9,1,1,7.438383530044307,1,0,0,17,0,0,0,0.29395604395604397,0,0,0,0,0,364
NCT02850419,3,2017,1,1067.0,2,0,1,0.0,1,3,1,2,8.174421152646497,1,1,0,3,0,0,0,0.0,0,0,0,0,0,91
NCT02850419,6,2017,1,1067.0,2,0,1,0.0,1,3,1,2,8.174421152646497,1,1,0,3,0,0,0,0.0,0,0,0,0,0,182
NCT02850419,12,2017,1,1067.0,2,0,1,0.0,1,3,1,2,8.174421152646497,1,1,0,3,0,0,0,0.0,0,0,0,0,0,364
NCT00039130,3,2002,0,4536.0,2,4,0,4.663439094112067,1,1,0,1,7.142827401161621,1,0,1,31,0,0,0,1.1538461538461537,0,0,0,0,0,91
NCT00039130,6,2002,0,4536.0,2,4,0,4.663439094112067,1,1,0,1,7.142827401161621,1,0,1,31,0,0,0,0.5769230769230769,0,0,0,0,0,182
NCT00039130,12,2002,0,4536.0,2,4,0,4.663439094112067,1,1,0,1,7.142827401161621,1,0,1,31,0,0,0,0.28846153846153844,0,0,0,0,0,364
NCT04351230,3,2020,1,462.0,2,4,0,0.0,2,1,0,1,9.223059144383958,1,0,1,6,0,0,0,0.0,0,0,0,0,0,91
NCT04351230,6,2020,1,462.0,2,4,0,0.0,2,1,0,1,9.223059144383958,1,0,1,6,0,0,0,0.0,0,0,0,0,0,182
NCT04351230,12,2020,1,462.0,2,4,0,0.0,2,1,0,1,9.223059144383958,1,0,1,6,0,0,0,0.0,0,0,0,0,0,364
NCT00006219,3,2000,0,2313.0,2,4,0,0.0,0,1,0,0,7.590346945602565,1,0,0,3,0,0,0,0.0,0,0,0,0,0,91
NCT00006219,6,2000,0,2313.0,2,4,0,0.0,0,1,0,0,7.590346945602565,1,0,0,3,0,0,0,0.0,0,0,0,0,0,182
NCT00006219,12,2000,0,2313.0,2,4,0,0.0,0,1,0,0,7.590346945602565,1,0,0,3,0,0,0,0.0,0,0,0,0,0,364
NCT03315130,3,2017,0,1135.0,2,0,1,3.828641396489095,3,2,1,1,6.767343125265392,1,0,0,30,0,0,0,0.4945054945054945,0,0,0,0,0,91
NCT03315130,6,2017,0,1135.0,2,0,1,3.828641396489095,3,2,1,1,6.767343125265392,1,0,0,30,0,0,0,0.24725274725274726,0,0,0,0,0,182
NCT03315130,12,2017,0,1135.0,2,0,1,3.828641396489095,3,2,1,1,6.767343125265392,1,0,0,30,0,0,0,0.12362637362637363,0,0,0,0,0,364
NCT02911857,3,2016,0,116.0,3,0,1,1.6094379124341003,1,1,0,1,6.152732694704104,0,0,1,3,0,0,0,0.04395604395604396,0,0,0,0,0,91
NCT00222053,3,2000,0,3531.0,3,4,0,6.68586094706836,3,1,0,1,6.727431724850855,1,0,0,5,0,0,0,8.791208791208792,0,0,0,0,0,91
NCT00222053,6,2000,0,3531.0,3,4,0,6.68586094706836,3,1,0,1,6.727431724850855,1,0,0,5,0,0,0,4.395604395604396,0,0,0,0,0,182
NCT00222053,12,2000,0,3531.0,3,4,0,6.68586094706836,3,1,0,1,6.727431724850855,1,0,0,5,0,0,0,2.197802197802198,0,0,0,0,0,364
NCT00232453,3,2001,0,1371.0,2,4,0,3.5553480614894135,0,1,0,1,5.777652323222656,0,0,0,1,0,0,0,0.37362637362637363,0,0,0,0,0,91
NCT00232453,6,2001,0,1371.0,2,4,0,3.5553480614894135,0,1,0,1,5.777652323222656,0,0,0,1,0,0,0,0.18681318681318682,0,0,0,0,0,182
NCT00232453,12,2001,0,1371.0,2,4,0,3.5553480614894135,0,1,0,1,5.777652323222656,0,0,0,1,0,0,0,0.09340659340659341,0,0,0,0,0,364
NCT00433537,3,2007,0,2223.0,2,1,0,4.356708826689592,2,1,0,1,8.018954683155718,1,0,1,1,0,0,0,0.8461538461538461,0,0,0,0,0,91
NCT00433537,6,2007,0,2223.0,2,1,0,4.356708826689592,2,1,0,1,8.018954683155718,1,0,1,1,0,0,0,0.4230769230769231,0,0,0,0,0,182
NCT00433537,12,2007,0,2223.0,2,1,0,4.356708826689592,2,1,0,1,8.018954683155718,1,0,1,1,0,0,0,0.21153846153846154,0,0,0,0,0,364
NCT00245037,3,2005,0,3713.0,1,4,0,4.997212273764115,1,1,0,2,7.112327444710911,1,0,1,1,0,0,0,1.6153846153846154,0,0,0,0,0,91
NCT00245037,6,2005,0,3713.0,1,4,0,4.997212273764115,1,1,0,2,7.112327444710911,1,0,1,1,0,0,0,0.8076923076923077,0,0,0,0,0,182
NCT00245037,12,2005,0,3713.0,1,4,0,4.997212273764115,1,1,0,2,7.112327444710911,1,0,1,1,0,0,0,0.40384615384615385,0,0,0,0,0,364
NCT02095145,3,2014,0,1967.0,2,1,0,3.6635616461296463,2,1,0,1,7.9865049385539955,1,0,0,4,0,0,0,0.4175824175824176,0,0,0,0,0,91
NCT02095145,6,2014,0,1967.0,2,1,0,3.6635616461296463,2,1,0,1,7.9865049385539955,1,0,0,4,0,0,0,0.2087912087912088,0,0,0,0,0,182
NCT02095145,12,2014,0,1967.0,2,1,0,3.6635616461296463,2,1,0,1,7.9865049385539955,1,0,0,4,0,0,0,0.1043956043956044,0,0,0,0,0,364
NCT01551745,3,2012,0,1492.0,2,0,1,1.791759469228055,1,1,0,2,8.235360643753348,1,0,1,1,0,0,0,0.054945054945054944,0,0,0,0,0,91
NCT01551745,6,2012,0,1492.0,2,0,1,1.791759469228055,1,1,0,2,8.235360643753348,1,0,1,1,0,0,0,0.027472527472527472,0,0,0,0,0,182
NCT01551745,12,2012,0,1492.0,2,0,1,1.791759469228055,1,1,0,2,8.235360643753348,1,0,1,1,0,0,0,0.013736263736263736,0,0,0,0,0,364
NCT00841945,3,2005,1,4324.0,3,4,0,5.814130531825066,2,1,0,1,6.403574197934815,1,0,0,1,0,0,0,3.67032967032967,0,0,0,0,0,91
NCT00841945,6,2005,1,4324.0,3,4,0,5.814130531825066,2,1,0,1,6.403574197934815,1,0,0,1,0,0,0,1.835164835164835,0,0,0,0,0,182
NCT00841945,12,2005,1,4324.0,3,4,0,5.814130531825066,2,1,0,1,6.403574197934815,1,0,0,1,0,0,0,0.9175824175824175,0,0,0,0,0,364
NCT00066872,3,2002,0,2739.0,3,4,0,6.2166061010848646,0,1,0,1,7.050989447068045,1,0,0,3,0,0,0,5.4945054945054945,0,0,0,0,0,91
NCT00066872,6,2002,0,2739.0,3,4,0,6.2166061010848646,0,1,0,1,7.050989447068045,1,0,0,3,0,0,0,2.7472527472527473,0,0,0,0,0,182
NCT00066872,12,2002,0,2739.0,3,4,0,6.2166061010848646,0,1,0,1,7.050989447068045,1,0,0,3,0,0,0,1.3736263736263736,0,0,0,0,0,364
NCT03532295,3,2020,0,2020.0,2,4,0,3.9512437185814275,2,1,0,3,9.006386515055114,1,0,0,4,0,0,0,0.5604395604395604,0,0,0,0,0,91
NCT03532295,6,2020,0,2020.0,2,4,0,3.9512437185814275,2,1,0,3,9.006386515055114,1,0,0,4,0,0,0,0.2802197802197802,0,0,0,0,0,182
NCT03532295,12,2020,0,2020.0,2,4,0,3.9512437185814275,2,1,0,3,9.006386515055114,1,0,0,4,0,0,0,0.1401098901098901,0,0,0,0,0,364
NCT00261677,3,2000,0,1156.0,3,0,1,5.41610040220442,0,0,0,1,7.671826797878781,1,0,0,0,0,0,0,2.4615384615384617,0,0,0,0,0,91
NCT00261677,6,2000,0,1156.0,3,0,1,5.41610040220442,0,0,0,1,7.671826797878781,1,0,0,0,0,0,0,1.2307692307692308,0,0,0,0,0,182
NCT00261677,12,2000,0,1156.0,3,0,1,5.41610040220442,0,0,0,1,7.671826797878781,1,0,0,0,0,0,0,0.6153846153846154,0,0,0,0,0,364
NCT00944801,3,2002,0,2496.0,1,4,0,4.1588830833596715,1,1,0,1,5.908082938168931,1,0,0,1,0,0,0,0.6923076923076923,0,0,0,0,0,91
NCT00944801,6,2002,0,2496.0,1,4,0,4.1588830833596715,1,1,0,1,5.908082938168931,1,0,0,1,0,0,0,0.34615384615384615,0,0,0,0,0,182
NCT00944801,12,2002,0,2496.0,1,4,0,4.1588830833596715,1,1,0,1,5.908082938168931,1,0,0,1,0,0,0,0.17307692307692307,0,0,0,0,0,364
NCT04553939,3,2021,0,1559.0,2,2,0,3.9318256327243257,1,1,0,1,7.774435510302958,1,0,0,1,0,0,0,0.5494505494505495,0,0,0,0,0,91
NCT04553939,6,2021,0,1559.0,2,2,0,3.9318256327243257,1,1,0,1,7.774435510302958,1,0,0,1,0,0,0,0.27472527472527475,0,0,0,0,0,182
NCT04553939,12,2021,0,1559.0,2,2,0,3.9318256327243257,1,1,0,1,7.774435510302958,1,0,0,1,0,0,0,0.13736263736263737,0,0,0,0,0,364
NCT00280475,3,2006,0,2557.0,3,4,0,5.602118820879701,2,1,0,1,7.117205503164344,0,1,0,21,0,0,0,2.967032967032967,0,0,0,0,0,91
NCT00280475,6,2006,0,2557.0,3,4,0,5.602118820879701,2,1,0,1,7.117205503164344,0,1,0,21,0,0,0,1.4835164835164836,0,0,0,0,0,182
NCT00280475,12,2006,0,2557.0,3,4,0,5.602118820879701,2,1,0,1,7.117205503164344,0,1,0,21,0,0,0,0.7417582417582418,0,0,0,0,0,364
NCT00109057,3,1998,0,2191.0,2,0,1,4.04305126783455,0,0,0,0,7.704811922932594,1,0,0,0,0,0,0,0.6153846153846154,0,0,0,0,0,91
NCT00109057,6,1998,0,2191.0,2,0,1,4.04305126783455,0,0,0,0,7.704811922932594,1,0,0,0,0,0,0,0.3076923076923077,0,0,0,0,0,182
NCT00109057,12,1998,0,2191.0,2,0,1,4.04305126783455,0,0,0,0,7.704811922932594,1,0,0,0,0,0,0,0.15384615384615385,0,0,0,0,0,364
NCT00680901,3,2008,0,5965.0,3,0,1,6.302618975744905,2,23,1,2,7.734121303328305,1,0,0,183,0,0,0,5.989010989010989,0,0,0,0,0,91
NCT00680901,6,2008,0,5965.0,3,0,1,6.302618975744905,2,23,1,2,7.734121303328305,1,0,0,183,0,0,0,2.9945054945054945,0,0,0,0,0,182
NCT00680901,12,2008,0,5965.0,3,0,1,6.302618975744905,2,23,1,2,7.734121303328305,1,0,0,183,0,0,0,1.4972527472527473,0,0,0,0,0,364
NCT00238381,3,2005,0,4049.0,3,4,0,5.820082930352362,3,2,1,1,7.057036981697891,0,0,0,18,0,0,0,3.6923076923076925,0,0,0,0,0,91
NCT00238381,6,2005,0,4049.0,3,4,0,5.820082930352362,3,2,1,1,7.057036981697891,0,0,0,18,0,0,0,1.8461538461538463,0,0,0,0,0,182
NCT00238381,12,2005,0,4049.0,3,4,0,5.820082930352362,3,2,1,1,7.057036981697891,0,0,0,18,0,0,0,0.9230769230769231,0,0,0,0,0,364
NCT04699630,3,2021,0,1437.0,2,4,0,4.804021044733257,3,1,0,2,9.281357859211463,1,0,0,11,0,0,0,1.3296703296703296,0,0,0,0,0,91
NCT04699630,6,2021,0,1437.0,2,4,0,4.804021044733257,3,1,0,2,9.281357859211463,1,0,0,11,0,0,0,0.6648351648351648,0,0,0,0,0,182
NCT04699630,12,2021,0,1437.0,2,4,0,4.804021044733257,3,1,0,2,9.281357859211463,1,0,0,11,0,0,0,0.3324175824175824,0,0,0,0,0,364
NCT02481830,3,2015,0,2542.0,3,0,1,6.345636360828596,3,25,1,1,6.466144724237619,1,0,0,151,0,0,0,6.252747252747253,0,0,0,0,0,91
NCT02481830,6,2015,0,2542.0,3,0,1,6.345636360828596,3,25,1,1,6.466144724237619,1,0,0,151,0,0,0,3.1263736263736264,0,0,0,0,0,182
NCT02481830,12,2015,0,2542.0,3,0,1,6.345636360828596,3,25,1,1,6.466144724237619,1,0,0,151,0,0,0,1.5631868131868132,0,0,0,0,0,364
NCT03403777,3,2017,0,470.0,2,2,0,2.1972245773362196,1,1,0,1,8.740496729931813,1,0,0,1,0,0,0,0.08791208791208792,0,0,0,0,0,91
NCT03403777,6,2017,0,470.0,2,2,0,2.1972245773362196,1,1,0,1,8.740496729931813,1,0,0,1,0,0,0,0.04395604395604396,0,0,0,0,0,182
NCT03403777,12,2017,0,470.0,2,2,0,2.1972245773362196,1,1,0,1,8.740496729931813,1,0,0,1,0,0,0,0.02197802197802198,0,0,0,0,0,364
NCT00504257,3,2007,0,2041.0,2,4,0,3.828641396489095,1,1,0,1,8.456593569287309,1,0,0,4,0,0,0,0.4945054945054945,0,0,0,0,0,91
NCT00504257,6,2007,0,2041.0,2,4,0,3.828641396489095,1,1,0,1,8.456593569287309,1,0,0,4,0,0,0,0.24725274725274726,0,0,0,0,0,182
NCT00504257,12,2007,0,2041.0,2,4,0,3.828641396489095,1,1,0,1,8.456593569287309,1,0,0,4,0,0,0,0.12362637362637363,0,0,0,0,0,364
NCT01898130,3,2013,0,1743.0,2,4,0,3.332204510175204,1,1,0,1,8.747510946478448,0,0,1,4,0,0,0,0.2967032967032967,0,0,0,0,0,91
NCT01898130,6,2013,0,1743.0,2,4,0,3.332204510175204,1,1,0,1,8.747510946478448,0,0,1,4,0,0,0,0.14835164835164835,0,0,0,0,0,182
NCT01898130,12,2013,0,1743.0,2,4,0,3.332204510175204,1,1,0,1,8.747510946478448,0,0,1,4,0,0,0,0.07417582417582418,0,0,0,0,0,364
NCT07012330,3,2007,1,3227.0,2,4,0,4.718498871295094,2,0,0,3,8.018954683155718,1,0,0,0,0,0,0,1.2197802197802199,0,0,0,0,0,91
NCT07012330,6,2007,1,3227.0,2,4,0,4.718498871295094,2,0,0,3,8.018954683155718,1,0,0,0,0,0,0,0.6098901098901099,0,0,0,0,0,182
NCT07012330,12,2007,1,3227.0,2,4,0,4.718498871295094,2,0,0,3,8.018954683155718,1,0,0,0,0,0,0,0.30494505494505497,0,0,0,0,0,364
NCT03716739,3,2019,0,2311.0,2,4,0,4.919980925828125,2,1,0,2,7.513163545234075,1,0,0,3,0,0,0,1.4945054945054945,0,0,0,0,0,91
NCT03716739,6,2019,0,2311.0,2,4,0,4.919980925828125,2,1,0,2,7.513163545234075,1,0,0,3,0,0,0,0.7472527472527473,0,0,0,0,0,182
NCT03716739,12,2019,0,2311.0,2,4,0,4.919980925828125,2,1,0,2,7.513163545234075,1,0,0,3,0,0,0,0.37362637362637363,0,0,0,0,0,364
NCT01150877,3,2011,0,1208.0,1,4,0,3.713572066704308,2,1,0,2,6.871091294610546,1,0,0,1,0,0,0,0.43956043956043955,0,0,0,0,0,91
NCT01150877,6,2011,0,1208.0,1,4,0,3.713572066704308,2,1,0,2,6.871091294610546,1,0,0,1,0,0,0,0.21978021978021978,0,0,0,0,0,182
NCT01150877,12,2011,0,1208.0,1,4,0,3.713572066704308,2,1,0,2,6.871091294610546,1,0,0,1,0,0,0,0.10989010989010989,0,0,0,0,0,364
NCT00546377,3,2005,0,3226.0,1,4,0,3.9318256327243257,1,1,0,2,8.026823576217629,1,0,1,1,0,0,0,0.5494505494505495,0,0,0,0,0,91
NCT00546377,6,2005,0,3226.0,1,4,0,3.9318256327243257,1,1,0,2,8.026823576217629,1,0,1,1,0,0,0,0.27472527472527475,0,0,0,0,0,182
NCT00546377,12,2005,0,3226.0,1,4,0,3.9318256327243257,1,1,0,2,8.026823576217629,1,0,1,1,0,0,0,0.13736263736263737,0,0,0,0,0,364
NCT02829775,3,2004,0,1461.0,2,0,1,2.302585092994046,1,7,1,1,6.3818160174060985,1,0,0,8,0,0,0,0.0989010989010989,0,0,0,0,0,91
NCT02829775,6,2004,0,1461.0,2,0,1,2.302585092994046,1,7,1,1,6.3818160174060985,1,0,0,8,0,0,0,0.04945054945054945,0,0,0,0,0,182
NCT02829775,12,2004,0,1461.0,2,0,1,2.302585092994046,1,7,1,1,6.3818160174060985,1,0,0,8,0,0,0,0.024725274725274724,0,0,0,0,0,364
NCT00186381,3,1995,0,4138.0,2,4,0,5.303304908059076,0,1,0,1,4.90527477843843,0,0,0,1,0,0,0,2.197802197802198,0,0,0,0,0,91
NCT00186381,6,1995,0,4138.0,2,4,0,5.303304908059076,0,1,0,1,4.90527477843843,0,0,0,1,0,0,0,1.098901098901099,0,0,0,0,0,182
NCT00186381,12,1995,0,4138.0,2,4,0,5.303304908059076,0,1,0,1,4.90527477843843,0,0,0,1,0,0,0,0.5494505494505495,0,0,0,0,0,364
NCT00968643,3,2006,0,3042.0,3,4,0,4.844187086458591,2,1,0,1,6.663132695990803,0,0,0,4,0,0,0,1.3846153846153846,0,0,0,0,0,91
NCT00968643,6,2006,0,3042.0,3,4,0,4.844187086458591,2,1,0,1,6.663132695990803,0,0,0,4,0,0,0,0.6923076923076923,0,0,0,0,0,182
NCT00968643,12,2006,0,3042.0,3,4,0,4.844187086458591,2,1,0,1,6.663132695990803,0,0,0,4,0,0,0,0.34615384615384615,0,0,0,0,0,364
NCT01451515,3,2012,0,3658.0,2,4,0,3.1780538303479458,1,1,0,1,6.777646593635117,1,0,0,2,0,0,0,0.25274725274725274,0,0,0,0,0,91
NCT01451515,6,2012,0,3658.0,2,4,0,3.1780538303479458,1,1,0,1,6.777646593635117,1,0,0,2,0,0,0,0.12637362637362637,0,0,0,0,0,182
NCT01451515,12,2012,0,3658.0,2,4,0,3.1780538303479458,1,1,0,1,6.777646593635117,1,0,0,2,0,0,0,0.06318681318681318,0,0,0,0,0,364
NCT01716715,3,2012,0,2286.0,2,1,0,4.718498871295094,2,1,0,1,9.444067716830038,1,0,0,173,0,0,0,1.2197802197802199,0,0,0,0,0,91
NCT01716715,6,2012,0,2286.0,2,1,0,4.718498871295094,2,1,0,1,9.444067716830038,1,0,0,173,0,0,0,0.6098901098901099,0,0,0,0,0,182
NCT01716715,12,2012,0,2286.0,2,1,0,4.718498871295094,2,1,0,1,9.444067716830038,1,0,0,173,0,0,0,0.30494505494505497,0,0,0,0,0,364
NCT00354835,3,2006,0,5849.0,3,4,0,6.1779441140506,2,6,1,3,8.23031079913502,1,0,1,226,0,0,0,5.285714285714286,0,0,0,0,0,91
NCT00354835,6,2006,0,5849.0,3,4,0,6.1779441140506,2,6,1,3,8.23031079913502,1,0,1,226,0,0,0,2.642857142857143,0,0,0,0,0,182
NCT00354835,12,2006,0,5849.0,3,4,0,6.1779441140506,2,6,1,3,8.23031079913502,1,0,1,226,0,0,0,1.3214285714285714,0,0,0,0,0,364
NCT05687617,3,2022,1,468.0,2,4,0,2.4849066497880004,1,1,0,2,6.26530121273771,1,0,0,2,0,0,0,0.12087912087912088,0,0,0,0,0,91
NCT05687617,6,2022,1,468.0,2,4,0,2.4849066497880004,1,1,0,2,6.26530121273771,1,0,0,2,0,0,0,0.06043956043956044,0,0,0,0,0,182
NCT05687617,12,2022,1,468.0,2,4,0,2.4849066497880004,1,1,0,2,6.26530121273771,1,0,0,2,0,0,0,0.03021978021978022,0,0,0,0,0,364
NCT02578940,3,2015,0,964.0,3,0,1,4.653960350157523,1,1,0,1,7.7306140660637395,1,0,0,7,0,0,0,1.1428571428571428,0,0,0,0,0,91
NCT02578940,6,2015,0,964.0,3,0,1,4.653960350157523,1,1,0,1,7.7306140660637395,1,0,0,7,0,0,0,0.5714285714285714,0,0,0,0,0,182
NCT02578940,12,2015,0,964.0,3,0,1,4.653960350157523,1,1,0,1,7.7306140660637395,1,0,0,7,0,0,0,0.2857142857142857,0,0,0,0,0,364
NCT00085189,3,2004,0,1218.0,2,4,0,3.7612001156935624,2,1,0,1,8.04044688130311,1,0,1,1,0,0,0,0.46153846153846156,0,0,0,0,0,91
NCT00085189,6,2004,0,1218.0,2,4,0,3.7612001156935624,2,1,0,1,8.04044688130311,1,0,1,1,0,0,0,0.23076923076923078,0,0,0,0,0,182
NCT00085189,12,2004,0,1218.0,2,4,0,3.7612001156935624,2,1,0,1,8.04044688130311,1,0,1,1,0,0,0,0.11538461538461539,0,0,0,0,0,364
NCT00374868,3,2006,0,609.0,1,0,1,4.0943445622221,1,1,0,1,7.517520850603031,1,0,0,5,0,0,0,0.6483516483516484,0,0,0,0,0,91
NCT00374868,6,2006,0,609.0,1,0,1,4.0943445622221,1,1,0,1,7.517520850603031,1,0,0,5,0,0,0,0.3241758241758242,0,0,0,0,0,182
NCT00374868,12,2006,0,609.0,1,0,1,4.0943445622221,1,1,0,1,7.517520850603031,1,0,0,5,0,0,0,0.1620879120879121,0,0,0,0,0,364
NCT01067690,3,2008,0,2922.0,2,4,0,3.258096538021482,0,1,0,1,6.866933284461882,1,0,0,1,0,0,0,0.27472527472527475,0,0,0,0,0,91
NCT01067690,6,2008,0,2922.0,2,4,0,3.258096538021482,0,1,0,1,6.866933284461882,1,0,0,1,0,0,0,0.13736263736263737,0,0,0,0,0,182
NCT01067690,12,2008,0,2922.0,2,4,0,3.258096538021482,0,1,0,1,6.866933284461882,1,0,0,1,0,0,0,0.06868131868131869,0,0,0,0,0,364
NCT00559897,3,2008,1,1126.0,2,4,0,1.9459101490553132,1,1,0,1,7.577633832602728,0,0,0,1,0,0,0,0.06593406593406594,0,0,0,0,0,91
NCT00559897,6,2008,1,1126.0,2,4,0,1.9459101490553132,1,1,0,1,7.577633832602728,0,0,0,1,0,0,0,0.03296703296703297,0,0,0,0,0,182
NCT00559897,12,2008,1,1126.0,2,4,0,1.9459101490553132,1,1,0,1,7.577633832602728,0,0,0,1,0,0,0,0.016483516483516484,0,0,0,0,0,364
NCT04177810,3,2020,0,914.0,2,4,0,3.258096538021482,1,1,0,1,8.054840221101024,1,0,0,1,0,0,0,0.27472527472527475,0,0,0,0,0,91
NCT04177810,6,2020,0,914.0,2,4,0,3.258096538021482,1,1,0,1,8.054840221101024,1,0,0,1,0,0,0,0.13736263736263737,0,0,0,0,0,182
NCT04177810,12,2020,0,914.0,2,4,0,3.258096538021482,1,1,0,1,8.054840221101024,1,0,0,1,0,0,0,0.06868131868131869,0,0,0,0,0,364
NCT02599324,3,2015,0,2089.0,1,0,1,5.575949103146316,6,4,1,3,8.056109659545061,1,0,0,65,0,0,0,2.89010989010989,0,0,0,0,0,91
NCT02599324,6,2015,0,2089.0,1,0,1,5.575949103146316,6,4,1,3,8.056109659545061,1,0,0,65,0,0,0,1.445054945054945,0,0,0,0,0,182
NCT02599324,12,2015,0,2089.0,1,0,1,5.575949103146316,6,4,1,3,8.056109659545061,1,0,0,65,0,0,0,0.7225274725274725,0,0,0,0,0,364
NCT01955824,3,2014,0,184.0,2,4,0,6.2166061010848646,2,1,0,2,5.934894195619588,1,0,0,1,0,0,0,5.4945054945054945,0,0,0,0,0,91
NCT01955824,6,2014,0,184.0,2,4,0,6.2166061010848646,2,1,0,2,5.934894195619588,1,0,0,1,0,0,0,2.7472527472527473,0,0,0,0,0,182
NCT00003424,3,1997,0,4505.0,3,2,0,5.707110264748875,0,6,1,0,6.54534966033442,1,0,0,8,0,0,0,3.2967032967032965,0,0,0,0,0,91
NCT00003424,6,1997,0,4505.0,3,2,0,5.707110264748875,0,6,1,0,6.54534966033442,1,0,0,8,0,0,0,1.6483516483516483,0,0,0,0,0,182
NCT00003424,12,1997,0,4505.0,3,2,0,5.707110264748875,0,6,1,0,6.54534966033442,1,0,0,8,0,0,0,0.8241758241758241,0,0,0,0,0,364
NCT04718324,3,2019,0,607.0,3,4,0,5.442417710521793,2,1,0,2,5.4510384535657,0,0,0,1,0,0,0,2.5274725274725274,0,0,0,0,0,91
NCT04718324,6,2019,0,607.0,3,4,0,5.442417710521793,2,1,0,2,5.4510384535657,0,0,0,1,0,0,0,1.2637362637362637,0,0,0,0,0,182
NCT04718324,12,2019,0,607.0,3,4,0,5.442417710521793,2,1,0,2,5.4510384535657,0,0,0,1,0,0,0,0.6318681318681318,0,0,0,0,0,364
NCT00309023,3,2005,1,1370.0,1,0,1,4.7535901911063645,1,3,1,1,6.618738983517219,1,0,0,12,0,0,0,1.2637362637362637,0,0,0,0,0,91
NCT00309023,6,2005,1,1370.0,1,0,1,4.7535901911063645,1,3,1,1,6.618738983517219,1,0,0,12,0,0,0,0.6318681318681318,0,0,0,0,0,182
NCT00309023,12,2005,1,1370.0,1,0,1,4.7535901911063645,1,3,1,1,6.618738983517219,1,0,0,12,0,0,0,0.3159340659340659,0,0,0,0,0,364
NCT03369223,3,2017,0,2528.0,1,0,1,5.877735781779639,11,11,1,6,7.1098794630722715,0,0,1,45,0,0,0,3.912087912087912,0,0,0,0,0,91
NCT03369223,6,2017,0,2528.0,1,0,1,5.877735781779639,11,11,1,6,7.1098794630722715,0,0,1,45,0,0,0,1.956043956043956,0,0,0,0,0,182
NCT03369223,12,2017,0,2528.0,1,0,1,5.877735781779639,11,11,1,6,7.1098794630722715,0,0,1,45,0,0,0,0.978021978021978,0,0,0,0,0,364
NCT00551759,3,2008,1,1948.0,2,4,0,3.1354942159291497,1,1,0,1,7.647786045440933,1,0,0,109,0,0,0,0.24175824175824176,0,0,0,0,0,91
NCT00551759,6,2008,1,1948.0,2,4,0,3.1354942159291497,1,1,0,1,7.647786045440933,1,0,0,109,0,0,0,0.12087912087912088,0,0,0,0,0,182
NCT00551759,12,2008,1,1948.0,2,4,0,3.1354942159291497,1,1,0,1,7.647786045440933,1,0,0,109,0,0,0,0.06043956043956044,0,0,0,0,0,364
NCT03335059,3,2019,1,328.0,3,0,1,1.791759469228055,1,1,0,1,8.593598522618644,0,0,0,4,0,0,0,0.054945054945054944,0,0,0,0,0,91
NCT03335059,6,2019,1,328.0,3,0,1,1.791759469228055,1,1,0,1,8.593598522618644,0,0,0,4,0,0,0,0.027472527472527472,0,0,0,0,0,182
NCT00475280,3,2007,0,4471.0,2,4,0,4.634728988229636,1,1,0,1,5.652489180268651,0,0,0,32,0,0,0,1.120879120879121,0,0,0,0,0,91
NCT00475280,6,2007,0,4471.0,2,4,0,4.634728988229636,1,1,0,1,5.652489180268651,0,0,0,32,0,0,0,0.5604395604395604,0,0,0,0,0,182
NCT00475280,12,2007,0,4471.0,2,4,0,4.634728988229636,1,1,0,1,5.652489180268651,0,0,0,32,0,0,0,0.2802197802197802,0,0,0,0,0,364
NCT02002455,3,2013,0,913.0,2,2,0,3.295836866004329,1,1,0,1,6.9975959829819265,0,1,0,1,0,0,0,0.2857142857142857,0,0,0,0,0,91
NCT02002455,6,2013,0,913.0,2,2,0,3.295836866004329,1,1,0,1,6.9975959829819265,0,1,0,1,0,0,0,0.14285714285714285,0,0,0,0,0,182
NCT02002455,12,2013,0,913.0,2,2,0,3.295836866004329,1,1,0,1,6.9975959829819265,0,1,0,1,0,0,0,0.07142857142857142,0,0,0,0,0,364
NCT00144755,3,2003,0,3288.0,3,4,0,6.398594934535208,4,3,1,1,7.5256399750415355,1,0,0,14,0,0,0,6.593406593406593,0,0,0,0,0,91
NCT00144755,6,2003,0,3288.0,3,4,0,6.398594934535208,4,3,1,1,7.5256399750415355,1,0,0,14,0,0,0,3.2967032967032965,0,0,0,0,0,182
NCT00144755,12,2003,0,3288.0,3,4,0,6.398594934535208,4,3,1,1,7.5256399750415355,1,0,0,14,0,0,0,1.6483516483516483,0,0,0,0,0,364
NCT05469178,3,2023,1,762.0,1,0,1,3.295836866004329,4,7,1,3,7.217443431696533,1,0,0,34,0,0,0,0.2857142857142857,0,0,0,0,0,91
NCT05469178,6,2023,1,762.0,1,0,1,3.295836866004329,4,7,1,3,7.217443431696533,1,0,0,34,0,0,0,0.14285714285714285,0,0,0,0,0,182
NCT05469178,12,2023,1,762.0,1,0,1,3.295836866004329,4,7,1,3,7.217443431696533,1,0,0,34,0,0,0,0.07142857142857142,0,0,0,0,0,364
NCT04862585,3,2021,0,988.0,2,4,0,4.875197323201151,2,1,0,1,7.6255950721324535,1,0,0,1,0,0,0,1.4285714285714286,0,0,0,0,0,91
NCT04862585,6,2021,0,988.0,2,4,0,4.875197323201151,2,1,0,1,7.6255950721324535,1,0,0,1,0,0,0,0.7142857142857143,0,0,0,0,0,182
NCT04862585,12,2021,0,988.0,2,4,0,4.875197323201151,2,1,0,1,7.6255950721324535,1,0,0,1,0,0,0,0.35714285714285715,0,0,0,0,0,364
NCT05045443,3,2021,0,865.0,2,4,0,3.4339872044851463,2,1,0,1,6.3818160174060985,1,0,0,1,0,0,0,0.32967032967032966,0,0,0,0,0,91
NCT05045443,6,2021,0,865.0,2,4,0,3.4339872044851463,2,1,0,1,6.3818160174060985,1,0,0,1,0,0,0,0.16483516483516483,0,0,0,0,0,182
NCT05045443,12,2021,0,865.0,2,4,0,3.4339872044851463,2,1,0,1,6.3818160174060985,1,0,0,1,0,0,0,0.08241758241758242,0,0,0,0,0,364
NCT03242915,3,2017,0,2697.0,2,4,0,3.5263605246161616,1,1,0,1,8.41803561988302,1,0,0,7,0,0,0,0.3626373626373626,0,0,0,0,0,91
NCT03242915,6,2017,0,2697.0,2,4,0,3.5263605246161616,1,1,0,1,8.41803561988302,1,0,0,7,0,0,0,0.1813186813186813,0,0,0,0,0,182
NCT03242915,12,2017,0,2697.0,2,4,0,3.5263605246161616,1,1,0,1,8.41803561988302,1,0,0,7,0,0,0,0.09065934065934066,0,0,0,0,0,364
NCT00008008,3,1997,0,3895.0,2,4,0,3.713572066704308,0,1,0,4,7.456454555176209,1,0,1,2,0,0,0,0.43956043956043955,0,0,0,0,0,91
NCT00008008,6,1997,0,3895.0,2,4,0,3.713572066704308,0,1,0,4,7.456454555176209,1,0,1,2,0,0,0,0.21978021978021978,0,0,0,0,0,182
NCT00008008,12,1997,0,3895.0,2,4,0,3.713572066704308,0,1,0,4,7.456454555176209,1,0,1,2,0,0,0,0.10989010989010989,0,0,0,0,0,364
NCT00045708,3,2002,0,2769.0,1,1,0,4.060443010546419,3,1,0,7,8.17103418920548,1,0,0,5,0,0,0,0.6263736263736264,0,0,0,0,0,91
NCT00045708,6,2002,0,2769.0,1,1,0,4.060443010546419,3,1,0,7,8.17103418920548,1,0,0,5,0,0,0,0.3131868131868132,0,0,0,0,0,182
NCT00045708,12,2002,0,2769.0,1,1,0,4.060443010546419,3,1,0,7,8.17103418920548,1,0,0,5,0,0,0,0.1565934065934066,0,0,0,0,0,364
NCT00349076,3,2006,0,3623.0,3,4,0,7.136483208590247,2,1,0,1,7.615791072035833,1,0,0,89,0,0,0,13.802197802197803,0,0,0,0,0,91
NCT00349076,6,2006,0,3623.0,3,4,0,7.136483208590247,2,1,0,1,7.615791072035833,1,0,0,89,0,0,0,6.9010989010989015,0,0,0,0,0,182
NCT00349076,12,2006,0,3623.0,3,4,0,7.136483208590247,2,1,0,1,7.615791072035833,1,0,0,89,0,0,0,3.4505494505494507,0,0,0,0,0,364
NCT02045017,3,2014,0,2707.0,2,0,1,4.406719247264253,1,8,1,1,7.719129840906732,1,0,0,22,0,0,0,0.8901098901098901,0,0,0,0,0,91
NCT02045017,6,2014,0,2707.0,2,0,1,4.406719247264253,1,8,1,1,7.719129840906732,1,0,0,22,0,0,0,0.44505494505494503,0,0,0,0,0,182
NCT02045017,12,2014,0,2707.0,2,0,1,4.406719247264253,1,8,1,1,7.719129840906732,1,0,0,22,0,0,0,0.22252747252747251,0,0,0,0,0,364
NCT00687440,3,2005,0,1197.0,2,0,1,3.332204510175204,1,0,0,1,8.279697133877628,1,0,0,0,0,0,0,0.2967032967032967,0,0,0,0,0,91
NCT00687440,6,2005,0,1197.0,2,0,1,3.332204510175204,1,0,0,1,8.279697133877628,1,0,0,0,0,0,0,0.14835164835164835,0,0,0,0,0,182
NCT00687440,12,2005,0,1197.0,2,0,1,3.332204510175204,1,0,0,1,8.279697133877628,1,0,0,0,0,0,0,0.07417582417582418,0,0,0,0,0,364
NCT05361668,3,2022,0,1404.0,2,0,1,3.6109179126442243,2,7,1,1,7.649692623711514,1,0,0,35,0,0,0,0.3956043956043956,0,0,0,0,0,91
NCT05361668,6,2022,0,1404.0,2,0,1,3.6109179126442243,2,7,1,1,7.649692623711514,1,0,0,35,0,0,0,0.1978021978021978,0,0,0,0,0,182
NCT05361668,12,2022,0,1404.0,2,0,1,3.6109179126442243,2,7,1,1,7.649692623711514,1,0,0,35,0,0,0,0.0989010989010989,0,0,0,0,0,364
NCT00075868,3,2003,0,974.0,3,4,0,5.455321115357702,2,1,0,1,7.700747794511798,1,0,0,112,0,0,0,2.5604395604395602,0,0,0,0,0,91
NCT00075868,6,2003,0,974.0,3,4,0,5.455321115357702,2,1,0,1,7.700747794511798,1,0,0,112,0,0,0,1.2802197802197801,0,0,0,0,0,182
NCT00075868,12,2003,0,974.0,3,4,0,5.455321115357702,2,1,0,1,7.700747794511798,1,0,0,112,0,0,0,0.6401098901098901,0,0,0,0,0,364
NCT00334074,3,2005,0,914.0,2,4,0,3.4339872044851463,1,1,0,1,7.905441649060286,1,0,0,1,0,0,0,0.32967032967032966,0,0,0,0,0,91
NCT00334074,6,2005,0,914.0,2,4,0,3.4339872044851463,1,1,0,1,7.905441649060286,1,0,0,1,0,0,0,0.16483516483516483,0,0,0,0,0,182
NCT00334074,12,2005,0,914.0,2,4,0,3.4339872044851463,1,1,0,1,7.905441649060286,1,0,0,1,0,0,0,0.08241758241758242,0,0,0,0,0,364
NCT06527690,3,2025,1,1034.0,2,4,0,0.0,2,0,0,1,7.821242083523558,1,0,0,0,0,0,0,0.0,0,0,0,0,0,91
NCT06527690,6,2025,1,1034.0,2,4,0,0.0,2,0,0,1,7.821242083523558,1,0,0,0,0,0,0,0.0,0,0,0,0,0,182
NCT06527690,12,2025,1,1034.0,2,4,0,0.0,2,0,0,1,7.821242083523558,1,0,0,0,0,0,0,0.0,0,0,0,0,0,364
NCT03173560,3,2017,0,2499.0,2,0,1,5.840641657373398,2,16,1,2,9.02401079378469,1,0,0,93,0,0,0,3.769230769230769,0,0,0,0,0,91
NCT03173560,6,2017,0,2499.0,2,0,1,5.840641657373398,2,16,1,2,9.02401079378469,1,0,0,93,0,0,0,1.8846153846153846,0,0,0,0,0,182
NCT03173560,12,2017,0,2499.0,2,0,1,5.840641657373398,2,16,1,2,9.02401079378469,1,0,0,93,0,0,0,0.9423076923076923,0,0,0,0,0,364
NCT00008320,3,2001,0,3195.0,2,4,0,3.295836866004329,1,1,0,1,7.1785454837637,1,0,0,13,0,0,0,0.2857142857142857,0,0,0,0,0,91
NCT00008320,6,2001,0,3195.0,2,4,0,3.295836866004329,1,1,0,1,7.1785454837637,1,0,0,13,0,0,0,0.14285714285714285,0,0,0,0,0,182
NCT00008320,12,2001,0,3195.0,2,4,0,3.295836866004329,1,1,0,1,7.1785454837637,1,0,0,13,0,0,0,0.07142857142857142,0,0,0,0,0,364
NCT02460224,3,2015,0,2024.0,1,0,1,6.19644412779452,29,12,1,2,7.478734825567875,1,0,0,24,0,0,0,5.384615384615385,0,0,0,0,0,91
NCT02460224,6,2015,0,2024.0,1,0,1,6.19644412779452,29,12,1,2,7.478734825567875,1,0,0,24,0,0,0,2.6923076923076925,0,0,0,0,0,182
NCT02460224,12,2015,0,2024.0,1,0,1,6.19644412779452,29,12,1,2,7.478734825567875,1,0,0,24,0,0,0,1.3461538461538463,0,0,0,0,0,364
NCT01480323,3,2012,0,1216.0,2,4,0,2.772588722239781,1,1,0,1,8.235095497258357,1,0,0,1,0,0,0,0.16483516483516483,0,0,0,0,0,91
NCT01480323,6,2012,0,1216.0,2,4,0,2.772588722239781,1,1,0,1,8.235095497258357,1,0,0,1,0,0,0,0.08241758241758242,0,0,0,0,0,182
NCT01480323,12,2012,0,1216.0,2,4,0,2.772588722239781,1,1,0,1,8.235095497258357,1,0,0,1,0,0,0,0.04120879120879121,0,0,0,0,0,364
NCT00578149,3,2006,0,457.0,2,4,0,3.828641396489095,0,1,0,1,7.094234845924755,1,0,0,2,0,0,0,0.4945054945054945,0,0,0,0,0,91
NCT00578149,6,2006,0,457.0,2,4,0,3.828641396489095,0,1,0,1,7.094234845924755,1,0,0,2,0,0,0,0.24725274725274726,0,0,0,0,0,182
NCT00578149,12,2006,0,457.0,2,4,0,3.828641396489095,0,1,0,1,7.094234845924755,1,0,0,2,0,0,0,0.12362637362637363,0,0,0,0,0,364
NCT01475058,3,2012,0,821.0,1,4,0,0.6931471805599453,1,1,0,2,8.40804774415544,0,0,1,1,0,0,0,0.01098901098901099,0,0,0,0,0,91
NCT01475058,6,2012,0,821.0,1,4,0,0.6931471805599453,1,1,0,2,8.40804774415544,0,0,1,1,0,0,0,0.005494505494505495,0,0,0,0,0,182
NCT01475058,12,2012,0,821.0,1,4,0,0.6931471805599453,1,1,0,2,8.40804774415544,0,0,1,1,0,0,0,0.0027472527472527475,0,0,0,0,0,364
NCT03796858,3,2019,0,600.0,3,0,1,5.655991810819852,2,14,1,1,7.913155185928068,1,0,0,117,0,0,0,3.131868131868132,0,0,0,0,0,91
NCT03796858,6,2019,0,600.0,3,0,1,5.655991810819852,2,14,1,1,7.913155185928068,1,0,0,117,0,0,0,1.565934065934066,0,0,0,0,0,182
NCT03796858,12,2019,0,600.0,3,0,1,5.655991810819852,2,14,1,1,7.913155185928068,1,0,0,117,0,0,0,0.782967032967033,0,0,0,0,0,364
NCT00103285,3,2005,0,5833.0,3,4,0,8.59007183682881,8,5,1,2,7.848153086199526,1,0,0,236,0,0,0,59.08791208791209,0,0,0,0,0,91
NCT00103285,6,2005,0,5833.0,3,4,0,8.59007183682881,8,5,1,2,7.848153086199526,1,0,0,236,0,0,0,29.543956043956044,0,0,0,0,0,182
NCT00103285,12,2005,0,5833.0,3,4,0,8.59007183682881,8,5,1,2,7.848153086199526,1,0,0,236,0,0,0,14.771978021978022,0,0,0,0,0,364
NCT01522443,3,2012,1,1048.0,3,0,1,4.787491742782046,2,5,1,1,8.167068178341237,1,0,0,82,0,0,0,1.3076923076923077,0,0,0,0,0,91
NCT01522443,6,2012,1,1048.0,3,0,1,4.787491742782046,2,5,1,1,8.167068178341237,1,0,0,82,0,0,0,0.6538461538461539,0,0,0,0,0,182
NCT01522443,12,2012,1,1048.0,3,0,1,4.787491742782046,2,5,1,1,8.167068178341237,1,0,0,82,0,0,0,0.3269230769230769,0,0,0,0,0,364
NCT00087035,3,2004,0,1400.0,2,4,0,0.6931471805599453,1,1,0,1,7.915348169263078,1,0,0,3,0,0,0,0.01098901098901099,0,0,0,0,0,91
NCT00087035,6,2004,0,1400.0,2,4,0,0.6931471805599453,1,1,0,1,7.915348169263078,1,0,0,3,0,0,0,0.005494505494505495,0,0,0,0,0,182
NCT00087035,12,2004,0,1400.0,2,4,0,0.6931471805599453,1,1,0,1,7.915348169263078,1,0,0,3,0,0,0,0.0027472527472527475,0,0,0,0,0,364
NCT00653068,3,2009,0,5528.0,3,4,0,4.2626798770413155,2,3,1,3,7.503840746698951,1,0,1,94,0,0,0,0.7692307692307693,0,0,0,0,0,91
NCT00653068,6,2009,0,5528.0,3,4,0,4.2626798770413155,2,3,1,3,7.503840746698951,1,0,1,94,0,0,0,0.38461538461538464,0,0,0,0,0,182
NCT00653068,12,2009,0,5528.0,3,4,0,4.2626798770413155,2,3,1,3,7.503840746698951,1,0,1,94,0,0,0,0.19230769230769232,0,0,0,0,0,364
NCT00475150,3,2008,0,1400.0,2,1,0,3.6888794541139363,1,1,0,1,8.18423477409482,1,0,0,5,0,0,0,0.42857142857142855,0,0,0,0,0,91
NCT00475150,6,2008,0,1400.0,2,1,0,3.6888794541139363,1,1,0,1,8.18423477409482,1,0,0,5,0,0,0,0.21428571428571427,0,0,0,0,0,182
NCT00475150,12,2008,0,1400.0,2,1,0,3.6888794541139363,1,1,0,1,8.18423477409482,1,0,0,5,0,0,0,0.10714285714285714,0,0,0,0,0,364
NCT03732391,3,2018,0,1510.0,2,4,0,3.1354942159291497,1,1,0,1,8.738414897167749,1,0,0,1,0,0,0,0.24175824175824176,0,0,0,0,0,91
NCT03732391,6,2018,0,1510.0,2,4,0,3.1354942159291497,1,1,0,1,8.738414897167749,1,0,0,1,0,0,0,0.12087912087912088,0,0,0,0,0,182
NCT03732391,12,2018,0,1510.0,2,4,0,3.1354942159291497,1,1,0,1,8.738414897167749,1,0,0,1,0,0,0,0.06043956043956044,0,0,0,0,0,364
NCT00482391,3,2007,0,1583.0,2,4,0,4.564348191467836,1,1,0,1,7.60688453121963,1,0,1,2,0,0,0,1.043956043956044,0,0,0,0,0,91
NCT00482391,6,2007,0,1583.0,2,4,0,4.564348191467836,1,1,0,1,7.60688453121963,1,0,1,2,0,0,0,0.521978021978022,0,0,0,0,0,182
NCT00482391,12,2007,0,1583.0,2,4,0,4.564348191467836,1,1,0,1,7.60688453121963,1,0,1,2,0,0,0,0.260989010989011,0,0,0,0,0,364
NCT01653574,3,2012,0,549.0,2,4,0,3.367295829986474,1,1,0,1,8.19891444498699,1,0,0,1,0,0,0,0.3076923076923077,0,0,0,0,0,91
NCT01653574,6,2012,0,549.0,2,4,0,3.367295829986474,1,1,0,1,8.19891444498699,1,0,0,1,0,0,0,0.15384615384615385,0,0,0,0,0,182
NCT01653574,12,2012,0,549.0,2,4,0,3.367295829986474,1,1,0,1,8.19891444498699,1,0,0,1,0,0,0,0.07692307692307693,0,0,0,0,0,364
NCT01254890,3,2011,0,1520.0,1,4,0,4.110873864173311,1,1,0,1,8.778479952508487,1,0,0,1,0,0,0,0.6593406593406593,0,0,0,0,0,91
NCT01254890,6,2011,0,1520.0,1,4,0,4.110873864173311,1,1,0,1,8.778479952508487,1,0,0,1,0,0,0,0.32967032967032966,0,0,0,0,0,182
NCT01254890,12,2011,0,1520.0,1,4,0,4.110873864173311,1,1,0,1,8.778479952508487,1,0,0,1,0,0,0,0.16483516483516483,0,0,0,0,0,364
NCT02720510,3,2016,1,342.0,2,0,1,1.9459101490553132,2,1,0,1,8.318010277546872,1,0,0,5,0,0,0,0.06593406593406594,0,0,0,0,0,91
NCT02720510,6,2016,1,342.0,2,0,1,1.9459101490553132,2,1,0,1,8.318010277546872,1,0,0,5,0,0,0,0.03296703296703297,0,0,0,0,0,182
NCT00826410,3,2003,0,611.0,3,4,0,5.303304908059076,1,1,0,1,5.3981627015177525,0,1,0,1,0,0,0,2.197802197802198,0,0,0,0,0,91
NCT00826410,6,2003,0,611.0,3,4,0,5.303304908059076,1,1,0,1,5.3981627015177525,0,1,0,1,0,0,0,1.098901098901099,0,0,0,0,0,182
NCT00826410,12,2003,0,611.0,3,4,0,5.303304908059076,1,1,0,1,5.3981627015177525,0,1,0,1,0,0,0,0.5494505494505495,0,0,0,0,0,364
NCT02858310,3,2017,0,3078.0,1,1,0,5.41610040220442,2,1,0,2,8.719807451477955,1,0,1,2,0,0,0,2.4615384615384617,0,0,0,0,0,91
NCT02858310,6,2017,0,3078.0,1,1,0,5.41610040220442,2,1,0,2,8.719807451477955,1,0,1,2,0,0,0,1.2307692307692308,0,0,0,0,0,182
NCT02858310,12,2017,0,3078.0,1,1,0,5.41610040220442,2,1,0,2,8.719807451477955,1,0,1,2,0,0,0,0.6153846153846154,0,0,0,0,0,364
NCT01669460,3,2012,0,365.0,2,4,0,3.044522437723423,1,1,0,1,7.00033446027523,0,0,0,1,0,0,0,0.21978021978021978,0,0,0,0,0,91
NCT01669460,6,2012,0,365.0,2,4,0,3.044522437723423,1,1,0,1,7.00033446027523,0,0,0,1,0,0,0,0.10989010989010989,0,0,0,0,0,182
NCT01669460,12,2012,0,365.0,2,4,0,3.044522437723423,1,1,0,1,7.00033446027523,0,0,0,1,0,0,0,0.054945054945054944,0,0,0,0,0,364
NCT04434482,3,2020,0,1361.0,1,0,1,4.0943445622221,1,5,1,4,9.086702731518004,1,0,0,21,0,0,0,0.6483516483516484,0,0,0,0,0,91
NCT04434482,6,2020,0,1361.0,1,0,1,4.0943445622221,1,5,1,4,9.086702731518004,1,0,0,21,0,0,0,0.3241758241758242,0,0,0,0,0,182
NCT04434482,12,2020,0,1361.0,1,0,1,4.0943445622221,1,5,1,4,9.086702731518004,1,0,0,21,0,0,0,0.1620879120879121,0,0,0,0,0,364
NCT00889382,3,2009,0,1846.0,1,0,1,5.030437921392435,8,10,1,2,8.892336539638013,1,0,0,46,0,0,0,1.6703296703296704,0,0,0,0,0,91
NCT00889382,6,2009,0,1846.0,1,0,1,5.030437921392435,8,10,1,2,8.892336539638013,1,0,0,46,0,0,0,0.8351648351648352,0,0,0,0,0,182
NCT00889382,12,2009,0,1846.0,1,0,1,5.030437921392435,8,10,1,2,8.892336539638013,1,0,0,46,0,0,0,0.4175824175824176,0,0,0,0,0,364
NCT00327678,3,2006,0,2892.0,3,4,0,6.985641817639208,0,1,0,2,5.765191102784844,1,0,0,1,0,0,0,11.868131868131869,0,0,0,0,0,91
NCT00327678,6,2006,0,2892.0,3,4,0,6.985641817639208,0,1,0,2,5.765191102784844,1,0,0,1,0,0,0,5.934065934065934,0,0,0,0,0,182
NCT00327678,12,2006,0,2892.0,3,4,0,6.985641817639208,0,1,0,2,5.765191102784844,1,0,0,1,0,0,0,2.967032967032967,0,0,0,0,0,364
NCT00830778,3,2009,0,1188.0,3,4,0,5.820082930352362,2,1,0,1,6.395261598115449,0,0,0,1,0,0,0,3.6923076923076925,0,0,0,0,0,91
NCT00830778,6,2009,0,1188.0,3,4,0,5.820082930352362,2,1,0,1,6.395261598115449,0,0,0,1,0,0,0,1.8461538461538463,0,0,0,0,0,182
NCT00830778,12,2009,0,1188.0,3,4,0,5.820082930352362,2,1,0,1,6.395261598115449,0,0,0,1,0,0,0,0.9230769230769231,0,0,0,0,0,364
NCT01224678,3,2010,0,1522.0,3,4,0,5.707110264748875,2,1,0,1,7.70796153183549,0,0,0,103,0,0,0,3.2967032967032965,0,0,0,0,0,91
NCT01224678,6,2010,0,1522.0,3,4,0,5.707110264748875,2,1,0,1,7.70796153183549,0,0,0,103,0,0,0,1.6483516483516483,0,0,0,0,0,182
NCT01224678,12,2010,0,1522.0,3,4,0,5.707110264748875,2,1,0,1,7.70796153183549,0,0,0,103,0,0,0,0.8241758241758241,0,0,0,0,0,364
NCT00256815,3,2003,0,915.0,1,4,0,3.58351893845611,0,1,0,2,8.049107721326406,1,0,0,1,0,0,0,0.38461538461538464,0,0,0,0,0,91
NCT00256815,6,2003,0,915.0,1,4,0,3.58351893845611,0,1,0,2,8.049107721326406,1,0,0,1,0,0,0,0.19230769230769232,0,0,0,0,0,182
NCT00256815,12,2003,0,915.0,1,4,0,3.58351893845611,0,1,0,2,8.049107721326406,1,0,0,1,0,0,0,0.09615384615384616,0,0,0,0,0,364
NCT00727415,3,2008,0,2891.0,1,4,0,3.7612001156935624,0,1,0,2,8.096208271650037,1,0,0,23,0,0,0,0.46153846153846156,0,0,0,0,0,91
NCT00727415,6,2008,0,2891.0,1,4,0,3.7612001156935624,0,1,0,2,8.096208271650037,1,0,0,23,0,0,0,0.23076923076923078,0,0,0,0,0,182
NCT00727415,12,2008,0,2891.0,1,4,0,3.7612001156935624,0,1,0,2,8.096208271650037,1,0,0,23,0,0,0,0.11538461538461539,0,0,0,0,0,364
NCT02497508,3,2015,0,731.0,2,4,0,3.5263605246161616,1,0,0,1,8.207129168071326,1,0,0,0,0,0,0,0.3626373626373626,0,0,0,0,0,91
NCT02497508,6,2015,0,731.0,2,4,0,3.5263605246161616,1,0,0,1,8.207129168071326,1,0,0,0,0,0,0,0.1813186813186813,0,0,0,0,0,182
NCT02497508,12,2015,0,731.0,2,4,0,3.5263605246161616,1,0,0,1,8.207129168071326,1,0,0,0,0,0,0,0.09065934065934066,0,0,0,0,0,364
NCT01777776,3,2013,1,639.0,1,0,1,3.367295829986474,4,4,1,3,7.403061091090091,1,0,0,9,0,0,0,0.3076923076923077,0,0,0,0,0,91
NCT01777776,6,2013,1,639.0,1,0,1,3.367295829986474,4,4,1,3,7.403061091090091,1,0,0,9,0,0,0,0.15384615384615385,0,0,0,0,0,182
NCT01777776,12,2013,1,639.0,1,0,1,3.367295829986474,4,4,1,3,7.403061091090091,1,0,0,9,0,0,0,0.07692307692307693,0,0,0,0,0,364
NCT02022917,3,2014,0,2498.0,2,4,0,3.1354942159291497,1,1,0,1,8.780172651227646,1,0,0,5,0,0,0,0.24175824175824176,0,0,0,0,0,91
NCT02022917,6,2014,0,2498.0,2,4,0,3.1354942159291497,1,1,0,1,8.780172651227646,1,0,0,5,0,0,0,0.12087912087912088,0,0,0,0,0,182
NCT02022917,12,2014,0,2498.0,2,4,0,3.1354942159291497,1,1,0,1,8.780172651227646,1,0,0,5,0,0,0,0.06043956043956044,0,0,0,0,0,364
NCT00287989,3,2004,0,1642.0,2,4,0,4.465908118654584,3,1,0,1,7.496097345175956,1,0,0,2,0,0,0,0.945054945054945,0,0,0,0,0,91
NCT00287989,6,2004,0,1642.0,2,4,0,4.465908118654584,3,1,0,1,7.496097345175956,1,0,0,2,0,0,0,0.4725274725274725,0,0,0,0,0,182
NCT00287989,12,2004,0,1642.0,2,4,0,4.465908118654584,3,1,0,1,7.496097345175956,1,0,0,2,0,0,0,0.23626373626373626,0,0,0,0,0,364
NCT01855750,3,2013,0,2040.0,3,0,1,6.732210706467206,2,27,1,2,7.9996785794994505,1,0,0,201,0,0,0,9.208791208791208,0,0,0,0,0,91
NCT01855750,6,2013,0,2040.0,3,0,1,6.732210706467206,2,27,1,2,7.9996785794994505,1,0,0,201,0,0,0,4.604395604395604,0,0,0,0,0,182
NCT01855750,12,2013,0,2040.0,3,0,1,6.732210706467206,2,27,1,2,7.9996785794994505,1,0,0,201,0,0,0,2.302197802197802,0,0,0,0,0,364
NCT01244191,3,2011,1,704.0,3,0,1,6.955592608396297,2,23,1,1,8.561401446080557,1,0,0,304,0,0,0,11.516483516483516,0,0,0,0,0,91
NCT01244191,6,2011,1,704.0,3,0,1,6.955592608396297,2,23,1,1,8.561401446080557,1,0,0,304,0,0,0,5.758241758241758,0,0,0,0,0,182
NCT01244191,12,2011,1,704.0,3,0,1,6.955592608396297,2,23,1,1,8.561401446080557,1,0,0,304,0,0,0,2.879120879120879,0,0,0,0,0,364
NCT04163718,3,2019,1,1072.0,2,4,0,2.5649493574615367,1,1,0,1,8.462737005620179,1,0,0,1,0,0,0,0.13186813186813187,0,0,0,0,0,91
NCT04163718,6,2019,1,1072.0,2,4,0,2.5649493574615367,1,1,0,1,8.462737005620179,1,0,0,1,0,0,0,0.06593406593406594,0,0,0,0,0,182
NCT04163718,12,2019,1,1072.0,2,4,0,2.5649493574615367,1,1,0,1,8.462737005620179,1,0,0,1,0,0,0,0.03296703296703297,0,0,0,0,0,364
NCT05518110,3,2023,1,1007.0,2,4,0,3.044522437723423,1,1,0,1,8.463792414689122,1,0,0,2,0,0,0,0.21978021978021978,0,0,0,0,0,91
NCT05518110,6,2023,1,1007.0,2,4,0,3.044522437723423,1,1,0,1,8.463792414689122,1,0,0,2,0,0,0,0.10989010989010989,0,0,0,0,0,182
NCT05518110,12,2023,1,1007.0,2,4,0,3.044522437723423,1,1,0,1,8.463792414689122,1,0,0,2,0,0,0,0.054945054945054944,0,0,0,0,0,364
NCT00861913,3,2009,0,1749.0,2,1,0,2.6390573296152584,1,1,0,2,8.34972083747249,1,0,0,4,0,0,0,0.14285714285714285,0,0,0,0,0,91
NCT00861913,6,2009,0,1749.0,2,1,0,2.6390573296152584,1,1,0,2,8.34972083747249,1,0,0,4,0,0,0,0.07142857142857142,0,0,0,0,0,182
NCT00861913,12,2009,0,1749.0,2,1,0,2.6390573296152584,1,1,0,2,8.34972083747249,1,0,0,4,0,0,0,0.03571428571428571,0,0,0,0,0,364
NCT02431260,3,2015,1,1023.0,1,0,1,4.248495242049359,1,1,0,1,7.380879035564116,1,0,0,12,0,0,0,0.7582417582417582,0,0,0,0,0,91
NCT02431260,6,2015,1,1023.0,1,0,1,4.248495242049359,1,1,0,1,7.380879035564116,1,0,0,12,0,0,0,0.3791208791208791,0,0,0,0,0,182
NCT02431260,12,2015,1,1023.0,1,0,1,4.248495242049359,1,1,0,1,7.380879035564116,1,0,0,12,0,0,0,0.18956043956043955,0,0,0,0,0,364
NCT00157560,3,2000,0,1673.0,2,4,0,4.430816798843313,0,1,0,1,7.275864600546533,1,0,0,1,0,0,0,0.9120879120879121,0,0,0,0,0,91
NCT00157560,6,2000,0,1673.0,2,4,0,4.430816798843313,0,1,0,1,7.275864600546533,1,0,0,1,0,0,0,0.45604395604395603,0,0,0,0,0,182
NCT00157560,12,2000,0,1673.0,2,4,0,4.430816798843313,0,1,0,1,7.275864600546533,1,0,0,1,0,0,0,0.22802197802197802,0,0,0,0,0,364
NCT00043420,3,2003,0,1520.0,1,0,1,3.7612001156935624,8,0,0,2,6.0867747269123065,1,0,0,0,0,0,0,0.46153846153846156,0,0,0,0,0,91
NCT00043420,6,2003,0,1520.0,1,0,1,3.7612001156935624,8,0,0,2,6.0867747269123065,1,0,0,0,0,0,0,0.23076923076923078,0,0,0,0,0,182
NCT00043420,12,2003,0,1520.0,1,0,1,3.7612001156935624,8,0,0,2,6.0867747269123065,1,0,0,0,0,0,0,0.11538461538461539,0,0,0,0,0,364
NCT00623558,3,2008,0,1948.0,2,4,0,4.532599493153256,2,1,0,1,6.994849985833071,1,0,0,1,0,0,0,1.010989010989011,0,0,0,0,0,91
NCT00623558,6,2008,0,1948.0,2,4,0,4.532599493153256,2,1,0,1,6.994849985833071,1,0,0,1,0,0,0,0.5054945054945055,0,0,0,0,0,182
NCT00623558,12,2008,0,1948.0,2,4,0,4.532599493153256,2,1,0,1,6.994849985833071,1,0,0,1,0,0,0,0.25274725274725274,0,0,0,0,0,364
NCT04960748,3,2021,0,238.0,2,4,0,4.969813299576001,2,1,0,1,5.8289456176102075,0,0,0,1,0,0,0,1.5714285714285714,0,0,0,0,0,91
NCT04960748,6,2021,0,238.0,2,4,0,4.969813299576001,2,1,0,1,5.8289456176102075,0,0,0,1,0,0,0,0.7857142857142857,0,0,0,0,0,182
NCT00028678,3,2002,0,1786.0,2,4,0,3.828641396489095,0,1,0,0,7.786967002614872,1,0,0,12,0,0,0,0.4945054945054945,0,0,0,0,0,91
NCT00028678,6,2002,0,1786.0,2,4,0,3.828641396489095,0,1,0,0,7.786967002614872,1,0,0,12,0,0,0,0.24725274725274726,0,0,0,0,0,182
NCT00028678,12,2002,0,1786.0,2,4,0,3.828641396489095,0,1,0,0,7.786967002614872,1,0,0,12,0,0,0,0.12362637362637363,0,0,0,0,0,364
NCT01503515,3,2013,0,3115.0,3,4,0,5.680172609017068,2,2,1,1,7.914983005848394,1,0,0,49,0,0,0,3.208791208791209,0,0,0,0,0,91
NCT01503515,6,2013,0,3115.0,3,4,0,5.680172609017068,2,2,1,1,7.914983005848394,1,0,0,49,0,0,0,1.6043956043956045,0,0,0,0,0,182
NCT01503515,12,2013,0,3115.0,3,4,0,5.680172609017068,2,2,1,1,7.914983005848394,1,0,0,49,0,0,0,0.8021978021978022,0,0,0,0,0,364
NCT00470535,3,2007,1,1339.0,2,4,0,2.9444389791664403,1,1,0,1,7.428927194802272,1,0,0,1,0,0,0,0.1978021978021978,0,0,0,0,0,91
NCT00470535,6,2007,1,1339.0,2,4,0,2.9444389791664403,1,1,0,1,7.428927194802272,1,0,0,1,0,0,0,0.0989010989010989,0,0,0,0,0,182
NCT00470535,12,2007,1,1339.0,2,4,0,2.9444389791664403,1,1,0,1,7.428927194802272,1,0,0,1,0,0,0,0.04945054945054945,0,0,0,0,0,364
NCT02640508,3,2016,0,2447.0,2,4,0,3.4011973816621555,1,1,0,2,8.14002395246292,1,0,0,1,0,0,0,0.31868131868131866,0,0,0,0,0,91
NCT02640508,6,2016,0,2447.0,2,4,0,3.4011973816621555,1,1,0,2,8.14002395246292,1,0,0,1,0,0,0,0.15934065934065933,0,0,0,0,0,182
NCT02640508,12,2016,0,2447.0,2,4,0,3.4011973816621555,1,1,0,2,8.14002395246292,1,0,0,1,0,0,0,0.07967032967032966,0,0,0,0,0,364
NCT00002608,3,1994,0,3988.0,2,4,0,3.4339872044851463,0,1,0,0,7.29641326877392,1,0,0,1,0,0,0,0.32967032967032966,0,0,0,0,0,91
NCT00002608,6,1994,0,3988.0,2,4,0,3.4339872044851463,0,1,0,0,7.29641326877392,1,0,0,1,0,0,0,0.16483516483516483,0,0,0,0,0,182
NCT00002608,12,1994,0,3988.0,2,4,0,3.4339872044851463,0,1,0,0,7.29641326877392,1,0,0,1,0,0,0,0.08241758241758242,0,0,0,0,0,364
NCT00448240,3,2007,1,1795.0,2,4,0,1.9459101490553132,1,0,0,1,6.220590170099739,1,0,0,0,0,0,0,0.06593406593406594,0,0,0,0,0,91
NCT00448240,6,2007,1,1795.0,2,4,0,1.9459101490553132,1,0,0,1,6.220590170099739,1,0,0,0,0,0,0,0.03296703296703297,0,0,0,0,0,182
NCT00448240,12,2007,1,1795.0,2,4,0,1.9459101490553132,1,0,0,1,6.220590170099739,1,0,0,0,0,0,0,0.016483516483516484,0,0,0,0,0,364
NCT00088218,3,2004,0,1310.0,2,4,0,4.564348191467836,2,1,0,1,6.704414354964107,1,0,0,1,0,0,0,1.043956043956044,0,0,0,0,0,91
NCT00088218,6,2004,0,1310.0,2,4,0,4.564348191467836,2,1,0,1,6.704414354964107,1,0,0,1,0,0,0,0.521978021978022,0,0,0,0,0,182
NCT00088218,12,2004,0,1310.0,2,4,0,4.564348191467836,2,1,0,1,6.704414354964107,1,0,0,1,0,0,0,0.260989010989011,0,0,0,0,0,364
NCT00112918,3,2004,0,2739.0,3,0,1,8.146709052203319,3,1,0,2,8.804175018753625,1,0,1,1,0,0,0,37.92307692307692,0,0,0,0,0,91
NCT00112918,6,2004,0,2739.0,3,0,1,8.146709052203319,3,1,0,2,8.804175018753625,1,0,1,1,0,0,0,18.96153846153846,0,0,0,0,0,182
NCT00112918,12,2004,0,2739.0,3,0,1,8.146709052203319,3,1,0,2,8.804175018753625,1,0,1,1,0,0,0,9.48076923076923,0,0,0,0,0,364
NCT01895790,3,2014,1,670.0,1,4,0,0.0,1,1,0,2,7.357556200910353,0,1,0,1,0,0,0,0.0,0,0,0,0,0,91
NCT01895790,6,2014,1,670.0,1,4,0,0.0,1,1,0,2,7.357556200910353,0,1,0,1,0,0,0,0.0,0,0,0,0,0,182
NCT01895790,12,2014,1,670.0,1,4,0,0.0,1,1,0,2,7.357556200910353,0,1,0,1,0,0,0,0.0,0,0,0,0,0,364
NCT02973997,3,2018,0,2069.0,2,4,0,4.060443010546419,1,1,0,2,9.28933637820268,1,0,1,7,0,0,0,0.6263736263736264,0,0,0,0,0,91
NCT02973997,6,2018,0,2069.0,2,4,0,4.060443010546419,1,1,0,2,9.28933637820268,1,0,1,7,0,0,0,0.3131868131868132,0,0,0,0,0,182
NCT02973997,12,2018,0,2069.0,2,4,0,4.060443010546419,1,1,0,2,9.28933637820268,1,0,1,7,0,0,0,0.1565934065934066,0,0,0,0,0,364
NCT00002804,3,1996,0,3499.0,2,4,0,3.784189633918261,1,3,1,1,7.113142108707088,1,0,1,9,0,0,0,0.4725274725274725,0,0,0,0,0,91
NCT00002804,6,1996,0,3499.0,2,4,0,3.784189633918261,1,3,1,1,7.113142108707088,1,0,1,9,0,0,0,0.23626373626373626,0,0,0,0,0,182
NCT00002804,12,1996,0,3499.0,2,4,0,3.784189633918261,1,3,1,1,7.113142108707088,1,0,1,9,0,0,0,0.11813186813186813,0,0,0,0,0,364
NCT03867084,3,2019,0,2317.0,3,0,1,6.866933284461882,2,31,1,2,8.292298107063221,1,0,1,249,0,0,0,10.538461538461538,0,0,0,0,0,91
NCT03867084,6,2019,0,2317.0,3,0,1,6.866933284461882,2,31,1,2,8.292298107063221,1,0,1,249,0,0,0,5.269230769230769,0,0,0,0,0,182
NCT03867084,12,2019,0,2317.0,3,0,1,6.866933284461882,2,31,1,2,8.292298107063221,1,0,1,249,0,0,0,2.6346153846153846,0,0,0,0,0,364
NCT03264547,3,2017,0,2682.0,3,4,0,6.102558594613569,2,1,0,1,7.978653729082731,1,0,0,2,0,0,0,4.9010989010989015,0,0,0,0,0,91
NCT03264547,6,2017,0,2682.0,3,4,0,6.102558594613569,2,1,0,1,7.978653729082731,1,0,0,2,0,0,0,2.4505494505494507,0,0,0,0,0,182
NCT03264547,12,2017,0,2682.0,3,4,0,6.102558594613569,2,1,0,1,7.978653729082731,1,0,0,2,0,0,0,1.2252747252747254,0,0,0,0,0,364
NCT00112749,3,2005,1,2830.0,2,4,0,2.0794415416798357,1,1,0,2,7.049254841255837,0,0,1,1,0,0,0,0.07692307692307693,0,0,0,0,0,91
NCT00112749,6,2005,1,2830.0,2,4,0,2.0794415416798357,1,1,0,2,7.049254841255837,0,0,1,1,0,0,0,0.038461538461538464,0,0,0,0,0,182
NCT00112749,12,2005,1,2830.0,2,4,0,2.0794415416798357,1,1,0,2,7.049254841255837,0,0,1,1,0,0,0,0.019230769230769232,0,0,0,0,0,364
NCT03486678,3,2018,0,1024.0,2,4,0,3.6635616461296463,1,1,0,2,7.239214973779806,1,0,0,1,0,0,0,0.4175824175824176,0,0,0,0,0,91
NCT03486678,6,2018,0,1024.0,2,4,0,3.6635616461296463,1,1,0,2,7.239214973779806,1,0,0,1,0,0,0,0.2087912087912088,0,0,0,0,0,182
NCT03486678,12,2018,0,1024.0,2,4,0,3.6635616461296463,1,1,0,2,7.239214973779806,1,0,0,1,0,0,0,0.1043956043956044,0,0,0,0,0,364
NCT00397878,3,2006,1,1826.0,2,1,0,2.3978952727983707,1,1,0,1,8.47886807709457,1,0,0,1,0,0,0,0.10989010989010989,0,0,0,0,0,91
NCT00397878,6,2006,1,1826.0,2,1,0,2.3978952727983707,1,1,0,1,8.47886807709457,1,0,0,1,0,0,0,0.054945054945054944,0,0,0,0,0,182
NCT00397878,12,2006,1,1826.0,2,1,0,2.3978952727983707,1,1,0,1,8.47886807709457,1,0,0,1,0,0,0,0.027472527472527472,0,0,0,0,0,364
NCT00055978,3,2002,0,2404.0,2,4,0,4.727387818712341,2,1,0,2,7.804251383528112,1,0,0,1,0,0,0,1.2307692307692308,0,0,0,0,0,91
NCT00055978,6,2002,0,2404.0,2,4,0,4.727387818712341,2,1,0,2,7.804251383528112,1,0,0,1,0,0,0,0.6153846153846154,0,0,0,0,0,182
NCT00055978,12,2002,0,2404.0,2,4,0,4.727387818712341,2,1,0,2,7.804251383528112,1,0,0,1,0,0,0,0.3076923076923077,0,0,0,0,0,364
NCT02254278,3,2014,0,3991.0,2,4,0,5.75890177387728,2,4,1,1,9.209439966733019,1,0,0,222,0,0,0,3.4725274725274726,0,0,0,0,0,91
NCT02254278,6,2014,0,3991.0,2,4,0,5.75890177387728,2,4,1,1,9.209439966733019,1,0,0,222,0,0,0,1.7362637362637363,0,0,0,0,0,182
NCT02254278,12,2014,0,3991.0,2,4,0,5.75890177387728,2,4,1,1,9.209439966733019,1,0,0,222,0,0,0,0.8681318681318682,0,0,0,0,0,364
NCT06113289,3,2024,1,392.0,1,4,0,0.0,2,0,0,1,9.101417964751995,1,0,0,0,0,0,0,0.0,0,0,0,0,0,91
NCT06113289,6,2024,1,392.0,1,4,0,0.0,2,0,0,1,9.101417964751995,1,0,0,0,0,0,0,0.0,0,0,0,0,0,182
NCT06113289,12,2024,1,392.0,1,4,0,0.0,2,0,0,1,9.101417964751995,1,0,0,0,0,0,0,0.0,0,0,0,0,0,364
NCT00909168,3,2008,0,1826.0,2,4,0,4.875197323201151,1,1,0,2,7.437206366871292,1,0,0,1,0,0,0,1.4285714285714286,0,0,0,0,0,91
NCT00909168,6,2008,0,1826.0,2,4,0,4.875197323201151,1,1,0,2,7.437206366871292,1,0,0,1,0,0,0,0.7142857142857143,0,0,0,0,0,182
NCT00909168,12,2008,0,1826.0,2,4,0,4.875197323201151,1,1,0,2,7.437206366871292,1,0,0,1,0,0,0,0.35714285714285715,0,0,0,0,0,364
NCT00238368,3,2004,0,1324.0,2,4,0,4.0943445622221,0,1,0,1,8.077136638538454,1,0,1,1,0,0,0,0.6483516483516484,0,0,0,0,0,91
NCT00238368,6,2004,0,1324.0,2,4,0,4.0943445622221,0,1,0,1,8.077136638538454,1,0,1,1,0,0,0,0.3241758241758242,0,0,0,0,0,182
NCT00238368,12,2004,0,1324.0,2,4,0,4.0943445622221,0,1,0,1,8.077136638538454,1,0,1,1,0,0,0,0.1620879120879121,0,0,0,0,0,364
NCT00633750,3,2002,0,1887.0,2,4,0,3.9318256327243257,1,1,0,1,7.768956044538332,1,0,0,5,0,0,0,0.5494505494505495,0,0,0,0,0,91
NCT00633750,6,2002,0,1887.0,2,4,0,3.9318256327243257,1,1,0,1,7.768956044538332,1,0,0,5,0,0,0,0.27472527472527475,0,0,0,0,0,182
NCT00633750,12,2002,0,1887.0,2,4,0,3.9318256327243257,1,1,0,1,7.768956044538332,1,0,0,5,0,0,0,0.13736263736263737,0,0,0,0,0,364
NCT00000591,3,1993,0,4110.0,3,1,0,0.0,0,0,0,0,3.1780538303479458,0,0,0,0,0,0,0,0.0,0,0,0,0,0,91
NCT00000591,6,1993,0,4110.0,3,1,0,0.0,0,0,0,0,3.1780538303479458,0,0,0,0,0,0,0,0.0,0,0,0,0,0,182
NCT00000591,12,1993,0,4110.0,3,1,0,0.0,0,0,0,0,3.1780538303479458,0,0,0,0,0,0,0,0.0,0,0,0,0,0,364
NCT02344550,3,2014,0,1734.0,2,4,0,4.927253685157205,2,1,0,1,7.3632795869630385,1,0,0,1,0,0,0,1.5054945054945055,0,0,0,0,0,91
NCT02344550,6,2014,0,1734.0,2,4,0,4.927253685157205,2,1,0,1,7.3632795869630385,1,0,0,1,0,0,0,0.7527472527472527,0,0,0,0,0,182
NCT02344550,12,2014,0,1734.0,2,4,0,4.927253685157205,2,1,0,1,7.3632795869630385,1,0,0,1,0,0,0,0.37637362637362637,0,0,0,0,0,364
NCT00020397,3,2000,0,1703.0,2,1,0,0.0,0,1,0,0,7.368339686311381,0,0,1,1,0,0,0,0.0,0,0,0,0,0,91
NCT00020397,6,2000,0,1703.0,2,1,0,0.0,0,1,0,0,7.368339686311381,0,0,1,1,0,0,0,0.0,0,0,0,0,0,182
NCT00020397,12,2000,0,1703.0,2,1,0,0.0,0,1,0,0,7.368339686311381,0,0,1,1,0,0,0,0.0,0,0,0,0,0,364
NCT05024513,3,2021,0,1449.0,2,4,0,4.852030263919617,2,1,0,1,7.53955882930103,1,0,0,1,0,0,0,1.3956043956043955,0,0,0,0,0,91
NCT05024513,6,2021,0,1449.0,2,4,0,4.852030263919617,2,1,0,1,7.53955882930103,1,0,0,1,0,0,0,0.6978021978021978,0,0,0,0,0,182
NCT05024513,12,2021,0,1449.0,2,4,0,4.852030263919617,2,1,0,1,7.53955882930103,1,0,0,1,0,0,0,0.3489010989010989,0,0,0,0,0,364
NCT00416455,3,2007,0,3241.0,1,1,0,5.953243334287785,1,4,1,2,8.203577736937952,1,0,0,33,0,0,0,4.21978021978022,0,0,0,0,0,91
NCT00416455,6,2007,0,3241.0,1,1,0,5.953243334287785,1,4,1,2,8.203577736937952,1,0,0,33,0,0,0,2.10989010989011,0,0,0,0,0,182
NCT00416455,12,2007,0,3241.0,1,1,0,5.953243334287785,1,4,1,2,8.203577736937952,1,0,0,33,0,0,0,1.054945054945055,0,0,0,0,0,364
NCT02376985,3,2015,0,1300.0,3,4,0,5.1647859739235145,2,1,0,1,8.472195825485501,1,0,0,1,0,0,0,1.9120879120879122,0,0,0,0,0,91
NCT02376985,6,2015,0,1300.0,3,4,0,5.1647859739235145,2,1,0,1,8.472195825485501,1,0,0,1,0,0,0,0.9560439560439561,0,0,0,0,0,182
NCT02376985,12,2015,0,1300.0,3,4,0,5.1647859739235145,2,1,0,1,8.472195825485501,1,0,0,1,0,0,0,0.47802197802197804,0,0,0,0,0,364
NCT01690143,3,2012,0,2010.0,1,4,0,3.828641396489095,1,1,0,5,8.266164436612492,1,0,0,4,0,0,0,0.4945054945054945,0,0,0,0,0,91
NCT01690143,6,2012,0,2010.0,1,4,0,3.828641396489095,1,1,0,5,8.266164436612492,1,0,0,4,0,0,0,0.24725274725274726,0,0,0,0,0,182
NCT01690143,12,2012,0,2010.0,1,4,0,3.828641396489095,1,1,0,5,8.266164436612492,1,0,0,4,0,0,0,0.12362637362637363,0,0,0,0,0,364
NCT05896215,3,2023,0,411.0,2,0,1,5.075173815233827,4,1,0,1,6.747586526829315,1,0,0,15,0,0,0,1.7472527472527473,0,0,0,0,0,91
NCT05896215,6,2023,0,411.0,2,0,1,5.075173815233827,4,1,0,1,6.747586526829315,1,0,0,15,0,0,0,0.8736263736263736,0,0,0,0,0,182
NCT05896215,12,2023,0,411.0,2,0,1,5.075173815233827,4,1,0,1,6.747586526829315,1,0,0,15,0,0,0,0.4368131868131868,0,0,0,0,0,364
NCT00171925,3,2000,1,3014.0,3,0,1,4.969813299576001,2,1,0,1,7.384610383176974,1,0,0,1,0,0,0,1.5714285714285714,0,0,0,0,0,91
NCT00171925,6,2000,1,3014.0,3,0,1,4.969813299576001,2,1,0,1,7.384610383176974,1,0,0,1,0,0,0,0.7857142857142857,0,0,0,0,0,182
NCT00171925,12,2000,1,3014.0,3,0,1,4.969813299576001,2,1,0,1,7.384610383176974,1,0,0,1,0,0,0,0.39285714285714285,0,0,0,0,0,364
NCT01577017,3,2008,0,1400.0,3,4,0,5.017279836814924,1,0,0,1,5.683579767338681,1,0,0,0,0,0,0,1.6483516483516483,0,0,0,0,0,91
NCT01577017,6,2008,0,1400.0,3,4,0,5.017279836814924,1,0,0,1,5.683579767338681,1,0,0,0,0,0,0,0.8241758241758241,0,0,0,0,0,182
NCT01577017,12,2008,0,1400.0,3,4,0,5.017279836814924,1,0,0,1,5.683579767338681,1,0,0,0,0,0,0,0.41208791208791207,0,0,0,0,0,364
NCT02850874,3,2016,1,304.0,2,4,0,0.0,2,1,0,1,7.368970402194793,1,0,0,1,0,0,0,0.0,0,0,0,0,0,91
NCT02850874,6,2016,1,304.0,2,4,0,0.0,2,1,0,1,7.368970402194793,1,0,0,1,0,0,0,0.0,0,0,0,0,0,182
NCT07283848,3,2026,1,1399.0,2,4,0,0.0,1,1,0,1,8.768418726857403,1,0,0,1,0,0,0,0.0,0,0,0,0,0,91
NCT07283848,6,2026,1,1399.0,2,4,0,0.0,1,1,0,1,8.768418726857403,1,0,0,1,0,0,0,0.0,0,0,0,0,0,182
NCT07283848,12,2026,1,1399.0,2,4,0,0.0,1,1,0,1,8.768418726857403,1,0,0,1,0,0,0,0.0,0,0,0,0,0,364
NCT00330915,3,2006,0,731.0,2,0,1,3.6375861597263857,1,1,0,1,7.1459844677143876,1,0,0,1,0,0,0,0.4065934065934066,0,0,0,0,0,91
NCT00330915,6,2006,0,731.0,2,0,1,3.6375861597263857,1,1,0,1,7.1459844677143876,1,0,0,1,0,0,0,0.2032967032967033,0,0,0,0,0,182
NCT00330915,12,2006,0,731.0,2,0,1,3.6375861597263857,1,1,0,1,7.1459844677143876,1,0,0,1,0,0,0,0.10164835164835165,0,0,0,0,0,364
NCT00611715,3,2003,1,1857.0,2,4,0,3.8918202981106265,2,1,0,1,8.10349427838097,1,0,0,9,0,0,0,0.5274725274725275,0,0,0,0,0,91
NCT00611715,6,2003,1,1857.0,2,4,0,3.8918202981106265,2,1,0,1,8.10349427838097,1,0,0,9,0,0,0,0.26373626373626374,0,0,0,0,0,182
NCT00611715,12,2003,1,1857.0,2,4,0,3.8918202981106265,2,1,0,1,8.10349427838097,1,0,0,9,0,0,0,0.13186813186813187,0,0,0,0,0,364
NCT02423876,3,2015,0,2484.0,3,4,0,4.653960350157523,2,1,0,1,6.873163834212518,1,0,0,1,0,0,0,1.1428571428571428,0,0,0,0,0,91
NCT02423876,6,2015,0,2484.0,3,4,0,4.653960350157523,2,1,0,1,6.873163834212518,1,0,0,1,0,0,0,0.5714285714285714,0,0,0,0,0,182
NCT02423876,12,2015,0,2484.0,3,4,0,4.653960350157523,2,1,0,1,6.873163834212518,1,0,0,1,0,0,0,0.2857142857142857,0,0,0,0,0,364
NCT00414076,3,2006,1,3859.0,2,4,0,2.302585092994046,2,1,0,1,7.8713112033234065,1,0,0,1,0,0,0,0.0989010989010989,0,0,0,0,0,91
NCT00414076,6,2006,1,3859.0,2,4,0,2.302585092994046,2,1,0,1,7.8713112033234065,1,0,0,1,0,0,0,0.04945054945054945,0,0,0,0,0,182
NCT00414076,12,2006,1,3859.0,2,4,0,2.302585092994046,2,1,0,1,7.8713112033234065,1,0,0,1,0,0,0,0.024725274725274724,0,0,0,0,0,364
NCT00256217,3,2004,0,5195.0,2,4,0,3.7612001156935624,1,1,0,1,6.7357800142423265,1,0,0,1,0,0,0,0.46153846153846156,0,0,0,0,0,91
NCT00256217,6,2004,0,5195.0,2,4,0,3.7612001156935624,1,1,0,1,6.7357800142423265,1,0,0,1,0,0,0,0.23076923076923078,0,0,0,0,0,182
NCT00256217,12,2004,0,5195.0,2,4,0,3.7612001156935624,1,1,0,1,6.7357800142423265,1,0,0,1,0,0,0,0.11538461538461539,0,0,0,0,0,364
NCT00006268,3,2000,0,1612.0,1,4,0,0.0,0,1,0,0,7.660585461703256,1,0,1,11,0,0,0,0.0,0,0,0,0,0,91
NCT00006268,6,2000,0,1612.0,1,4,0,0.0,0,1,0,0,7.660585461703256,1,0,1,11,0,0,0,0.0,0,0,0,0,0,182
NCT00006268,12,2000,0,1612.0,1,4,0,0.0,0,1,0,0,7.660585461703256,1,0,1,11,0,0,0,0.0,0,0,0,0,0,364
NCT00165568,3,2005,0,457.0,2,4,0,3.044522437723423,0,1,0,1,7.40184157874383,1,0,0,2,0,0,0,0.21978021978021978,0,0,0,0,0,91
NCT00165568,6,2005,0,457.0,2,4,0,3.044522437723423,0,1,0,1,7.40184157874383,1,0,0,2,0,0,0,0.10989010989010989,0,0,0,0,0,182
NCT00165568,12,2005,0,457.0,2,4,0,3.044522437723423,0,1,0,1,7.40184157874383,1,0,0,2,0,0,0,0.054945054945054944,0,0,0,0,0,364
NCT00945191,3,2009,0,686.0,2,0,1,3.2188758248682006,1,1,0,1,8.3030093814735,1,0,0,3,0,0,0,0.26373626373626374,0,0,0,0,0,91
NCT00945191,6,2009,0,686.0,2,0,1,3.2188758248682006,1,1,0,1,8.3030093814735,1,0,0,3,0,0,0,0.13186813186813187,0,0,0,0,0,182
NCT00945191,12,2009,0,686.0,2,0,1,3.2188758248682006,1,1,0,1,8.3030093814735,1,0,0,3,0,0,0,0.06593406593406594,0,0,0,0,0,364
NCT03773510,3,2019,1,2407.0,3,4,0,0.0,2,1,0,1,7.9658927350845286,1,0,0,15,0,0,0,0.0,0,0,0,0,0,91
NCT03773510,6,2019,1,2407.0,3,4,0,0.0,2,1,0,1,7.9658927350845286,1,0,0,15,0,0,0,0.0,0,0,0,0,0,182
NCT03773510,12,2019,1,2407.0,3,4,0,0.0,2,1,0,1,7.9658927350845286,1,0,0,15,0,0,0,0.0,0,0,0,0,0,364
NCT00278018,3,2005,1,1096.0,1,4,0,3.044522437723423,0,1,0,2,7.732807530422021,0,0,0,1,0,0,0,0.21978021978021978,0,0,0,0,0,91
NCT00278018,6,2005,1,1096.0,1,4,0,3.044522437723423,0,1,0,2,7.732807530422021,0,0,0,1,0,0,0,0.10989010989010989,0,0,0,0,0,182
NCT00278018,12,2005,1,1096.0,1,4,0,3.044522437723423,0,1,0,2,7.732807530422021,0,0,0,1,0,0,0,0.054945054945054944,0,0,0,0,0,364
NCT00209690,3,2003,0,2374.0,1,4,0,3.4339872044851463,1,1,0,1,7.586803535162581,1,0,0,1,0,0,0,0.32967032967032966,0,0,0,0,0,91
NCT00209690,6,2003,0,2374.0,1,4,0,3.4339872044851463,1,1,0,1,7.586803535162581,1,0,0,1,0,0,0,0.16483516483516483,0,0,0,0,0,182
NCT00209690,12,2003,0,2374.0,1,4,0,3.4339872044851463,1,1,0,1,7.586803535162581,1,0,0,1,0,0,0,0.08241758241758242,0,0,0,0,0,364
NCT03329690,3,2017,0,1135.0,2,0,1,5.455321115357702,4,2,1,2,6.953684210870537,1,0,0,66,0,0,0,2.5604395604395602,0,0,0,0,0,91
NCT03329690,6,2017,0,1135.0,2,0,1,5.455321115357702,4,2,1,2,6.953684210870537,1,0,0,66,0,0,0,1.2802197802197801,0,0,0,0,0,182
NCT03329690,12,2017,0,1135.0,2,0,1,5.455321115357702,4,2,1,2,6.953684210870537,1,0,0,66,0,0,0,0.6401098901098901,0,0,0,0,0,364
NCT01198158,3,2010,1,2649.0,3,1,0,4.356708826689592,2,1,0,1,8.792549614177382,1,0,1,524,0,0,0,0.8461538461538461,0,0,0,0,0,91
NCT01198158,6,2010,1,2649.0,3,1,0,4.356708826689592,2,1,0,1,8.792549614177382,1,0,1,524,0,0,0,0.4230769230769231,0,0,0,0,0,182
NCT01198158,12,2010,1,2649.0,3,1,0,4.356708826689592,2,1,0,1,8.792549614177382,1,0,1,524,0,0,0,0.21153846153846154,0,0,0,0,0,364
NCT06361758,3,2024,1,1095.0,2,4,0,0.0,1,1,0,1,7.682943169878292,1,0,0,3,0,0,0,0.0,0,0,0,0,0,91
NCT06361758,6,2024,1,1095.0,2,4,0,0.0,1,1,0,1,7.682943169878292,1,0,0,3,0,0,0,0.0,0,0,0,0,0,182
NCT06361758,12,2024,1,1095.0,2,4,0,0.0,1,1,0,1,7.682943169878292,1,0,0,3,0,0,0,0.0,0,0,0,0,0,364
NCT02445248,3,2015,0,2703.0,2,0,1,4.7535901911063645,1,10,1,1,8.632127729508337,1,0,1,26,0,0,0,1.2637362637362637,0,0,0,0,0,91
NCT02445248,6,2015,0,2703.0,2,0,1,4.7535901911063645,1,10,1,1,8.632127729508337,1,0,1,26,0,0,0,0.6318681318681318,0,0,0,0,0,182
NCT02445248,12,2015,0,2703.0,2,0,1,4.7535901911063645,1,10,1,1,8.632127729508337,1,0,1,26,0,0,0,0.3159340659340659,0,0,0,0,0,364
NCT00618826,3,2006,0,2649.0,2,4,0,2.70805020110221,1,1,0,1,8.348774539791274,1,0,0,1,0,0,0,0.15384615384615385,0,0,0,0,0,91
NCT00618826,6,2006,0,2649.0,2,4,0,2.70805020110221,1,1,0,1,8.348774539791274,1,0,0,1,0,0,0,0.07692307692307693,0,0,0,0,0,182
NCT00618826,12,2006,0,2649.0,2,4,0,2.70805020110221,1,1,0,1,8.348774539791274,1,0,0,1,0,0,0,0.038461538461538464,0,0,0,0,0,364
NCT05408026,3,2022,1,1219.0,1,4,0,0.0,1,0,0,2,8.52595469708481,1,0,0,0,0,0,0,0.0,0,0,0,0,0,91
NCT05408026,6,2022,1,1219.0,1,4,0,0.0,1,0,0,2,8.52595469708481,1,0,0,0,0,0,0,0.0,0,0,0,0,0,182
NCT05408026,12,2022,1,1219.0,1,4,0,0.0,1,0,0,2,8.52595469708481,1,0,0,0,0,0,0,0.0,0,0,0,0,0,364
NCT00430235,3,2007,0,1249.0,2,4,0,3.6888794541139363,0,1,0,1,8.274357006756292,1,0,0,1,0,0,0,0.42857142857142855,0,0,0,0,0,91
NCT00430235,6,2007,0,1249.0,2,4,0,3.6888794541139363,0,1,0,1,8.274357006756292,1,0,0,1,0,0,0,0.21428571428571427,0,0,0,0,0,182
NCT00430235,12,2007,0,1249.0,2,4,0,3.6888794541139363,0,1,0,1,8.274357006756292,1,0,0,1,0,0,0,0.10714285714285714,0,0,0,0,0,364
NCT00265317,3,2006,0,2040.0,2,0,1,5.093750200806762,2,8,1,1,5.981414211254481,1,0,0,32,0,0,0,1.7802197802197801,0,0,0,0,0,91
NCT00265317,6,2006,0,2040.0,2,0,1,5.093750200806762,2,8,1,1,5.981414211254481,1,0,0,32,0,0,0,0.8901098901098901,0,0,0,0,0,182
NCT00265317,12,2006,0,2040.0,2,0,1,5.093750200806762,2,8,1,1,5.981414211254481,1,0,0,32,0,0,0,0.44505494505494503,0,0,0,0,0,364
NCT03013491,3,2017,1,1377.0,1,0,1,5.2832037287379885,7,6,1,1,7.400009517162692,1,0,0,31,0,0,0,2.1538461538461537,0,0,0,0,0,91
NCT03013491,6,2017,1,1377.0,1,0,1,5.2832037287379885,7,6,1,1,7.400009517162692,1,0,0,31,0,0,0,1.0769230769230769,0,0,0,0,0,182
NCT03013491,12,2017,1,1377.0,1,0,1,5.2832037287379885,7,6,1,1,7.400009517162692,1,0,0,31,0,0,0,0.5384615384615384,0,0,0,0,0,364
NCT00079274,3,2004,0,3196.0,3,1,0,8.130942302231878,7,3,1,1,7.790696031174738,1,0,1,894,0,0,0,37.32967032967033,0,0,0,0,0,91
NCT00079274,6,2004,0,3196.0,3,1,0,8.130942302231878,7,3,1,1,7.790696031174738,1,0,1,894,0,0,0,18.664835164835164,0,0,0,0,0,182
NCT00079274,12,2004,0,3196.0,3,1,0,8.130942302231878,7,3,1,1,7.790696031174738,1,0,1,894,0,0,0,9.332417582417582,0,0,0,0,0,364
NCT03936426,3,2018,0,437.0,1,0,1,1.791759469228055,1,1,0,2,8.238536930171769,1,0,0,1,0,0,0,0.054945054945054944,0,0,0,0,0,91
NCT03936426,6,2018,0,437.0,1,0,1,1.791759469228055,1,1,0,2,8.238536930171769,1,0,0,1,0,0,0,0.027472527472527472,0,0,0,0,0,182
NCT03936426,12,2018,0,437.0,1,0,1,1.791759469228055,1,1,0,2,8.238536930171769,1,0,0,1,0,0,0,0.013736263736263736,0,0,0,0,0,364
NCT00061126,3,2003,0,,2,0,1,3.9318256327243257,0,1,0,0,6.680854678790215,1,0,0,9,0,0,0,0.5494505494505495,0,0,0,0,0,91
NCT00061126,6,2003,0,,2,0,1,3.9318256327243257,0,1,0,0,6.680854678790215,1,0,0,9,0,0,0,0.27472527472527475,0,0,0,0,0,182
NCT00061126,12,2003,0,,2,0,1,3.9318256327243257,0,1,0,0,6.680854678790215,1,0,0,9,0,0,0,0.13736263736263737,0,0,0,0,0,364
NCT02676778,3,2016,0,1124.0,2,0,1,3.828641396489095,1,1,0,1,7.335633981927201,1,0,0,20,0,0,0,0.4945054945054945,0,0,0,0,0,91
NCT02676778,6,2016,0,1124.0,2,0,1,3.828641396489095,1,1,0,1,7.335633981927201,1,0,0,20,0,0,0,0.24725274725274726,0,0,0,0,0,182
NCT02676778,12,2016,0,1124.0,2,0,1,3.828641396489095,1,1,0,1,7.335633981927201,1,0,0,20,0,0,0,0.12362637362637363,0,0,0,0,0,364
NCT00493025,3,2005,1,2891.0,2,4,0,2.995732273553991,1,1,0,1,7.7284157798410416,1,0,0,1,0,0,0,0.2087912087912088,0,0,0,0,0,91
NCT00493025,6,2005,1,2891.0,2,4,0,2.995732273553991,1,1,0,1,7.7284157798410416,1,0,0,1,0,0,0,0.1043956043956044,0,0,0,0,0,182
NCT00493025,12,2005,1,2891.0,2,4,0,2.995732273553991,1,1,0,1,7.7284157798410416,1,0,0,1,0,0,0,0.0521978021978022,0,0,0,0,0,364
NCT02838225,3,2009,0,2556.0,2,4,0,5.707110264748875,2,0,0,2,8.21932609390609,1,0,0,0,0,0,0,3.2967032967032965,0,0,0,0,0,91
NCT02838225,6,2009,0,2556.0,2,4,0,5.707110264748875,2,0,0,2,8.21932609390609,1,0,0,0,0,0,0,1.6483516483516483,0,0,0,0,0,182
NCT02838225,12,2009,0,2556.0,2,4,0,5.707110264748875,2,0,0,2,8.21932609390609,1,0,0,0,0,0,0,0.8241758241758241,0,0,0,0,0,364
NCT05024968,3,2021,0,1316.0,2,4,0,2.3978952727983707,1,1,0,1,9.101975347298058,1,0,0,1,0,0,0,0.10989010989010989,0,0,0,0,0,91
NCT05024968,6,2021,0,1316.0,2,4,0,2.3978952727983707,1,1,0,1,9.101975347298058,1,0,0,1,0,0,0,0.054945054945054944,0,0,0,0,0,182
NCT05024968,12,2021,0,1316.0,2,4,0,2.3978952727983707,1,1,0,1,9.101975347298058,1,0,0,1,0,0,0,0.027472527472527472,0,0,0,0,0,364
NCT00005091,3,1999,0,1642.0,2,0,1,0.0,0,5,1,0,7.304515946460155,1,0,0,6,0,0,0,0.0,0,0,0,0,0,91
NCT00005091,6,1999,0,1642.0,2,0,1,0.0,0,5,1,0,7.304515946460155,1,0,0,6,0,0,0,0.0,0,0,0,0,0,182
NCT00005091,12,1999,0,1642.0,2,0,1,0.0,0,5,1,0,7.304515946460155,1,0,0,6,0,0,0,0.0,0,0,0,0,0,364
NCT00794820,3,2003,0,4018.0,2,4,0,4.204692619390966,1,1,0,1,6.606650186198215,1,0,0,1,0,0,0,0.7252747252747253,0,0,0,0,0,91
NCT00794820,6,2003,0,4018.0,2,4,0,4.204692619390966,1,1,0,1,6.606650186198215,1,0,0,1,0,0,0,0.3626373626373626,0,0,0,0,0,182
NCT00794820,12,2003,0,4018.0,2,4,0,4.204692619390966,1,1,0,1,6.606650186198215,1,0,0,1,0,0,0,0.1813186813186813,0,0,0,0,0,364
NCT02919735,3,2016,0,881.0,2,0,1,3.713572066704308,2,1,0,1,7.293017679772782,1,0,0,1,0,0,0,0.43956043956043955,0,0,0,0,0,91
NCT02919735,6,2016,0,881.0,2,0,1,3.713572066704308,2,1,0,1,7.293017679772782,1,0,0,1,0,0,0,0.21978021978021978,0,0,0,0,0,182
NCT02919735,12,2016,0,881.0,2,0,1,3.713572066704308,2,1,0,1,7.293017679772782,1,0,0,1,0,0,0,0.10989010989010989,0,0,0,0,0,364
NCT04225676,3,2020,1,365.0,2,0,1,1.791759469228055,1,1,0,1,6.761572768804055,0,0,1,4,0,0,0,0.054945054945054944,0,0,0,0,0,91
NCT04225676,6,2020,1,365.0,2,0,1,1.791759469228055,1,1,0,1,6.761572768804055,0,0,1,4,0,0,0,0.027472527472527472,0,0,0,0,0,182
NCT04225676,12,2020,1,365.0,2,0,1,1.791759469228055,1,1,0,1,6.761572768804055,0,0,1,4,0,0,0,0.013736263736263736,0,0,0,0,0,364
NCT00703976,3,2008,0,2161.0,2,4,0,4.394449154672439,2,1,0,1,8.724857555881988,1,0,0,1,0,0,0,0.8791208791208791,0,0,0,0,0,91
NCT00703976,6,2008,0,2161.0,2,4,0,4.394449154672439,2,1,0,1,8.724857555881988,1,0,0,1,0,0,0,0.43956043956043955,0,0,0,0,0,182
NCT00703976,12,2008,0,2161.0,2,4,0,4.394449154672439,2,1,0,1,8.724857555881988,1,0,0,1,0,0,0,0.21978021978021978,0,0,0,0,0,364
NCT01083550,3,2010,0,2465.0,2,4,0,4.31748811353631,2,1,0,1,7.449498005382849,0,0,0,1,0,0,0,0.8131868131868132,0,0,0,0,0,91
NCT01083550,6,2010,0,2465.0,2,4,0,4.31748811353631,2,1,0,1,7.449498005382849,0,0,0,1,0,0,0,0.4065934065934066,0,0,0,0,0,182
NCT01083550,12,2010,0,2465.0,2,4,0,4.31748811353631,2,1,0,1,7.449498005382849,0,0,0,1,0,0,0,0.2032967032967033,0,0,0,0,0,364
NCT02453191,3,2015,0,2797.0,1,4,0,3.4339872044851463,1,1,0,2,8.563695025067657,1,0,0,1,0,0,0,0.32967032967032966,0,0,0,0,0,91
NCT02453191,6,2015,0,2797.0,1,4,0,3.4339872044851463,1,1,0,2,8.563695025067657,1,0,0,1,0,0,0,0.16483516483516483,0,0,0,0,0,182
NCT02453191,12,2015,0,2797.0,1,4,0,3.4339872044851463,1,1,0,2,8.563695025067657,1,0,0,1,0,0,0,0.08241758241758242,0,0,0,0,0,364
NCT00006374,3,1999,1,609.0,2,4,0,0.0,0,0,0,0,7.718685495198466,1,0,1,0,0,0,0,0.0,0,0,0,0,0,91
NCT00006374,6,1999,1,609.0,2,4,0,0.0,0,0,0,0,7.718685495198466,1,0,1,0,0,0,0,0.0,0,0,0,0,0,182
NCT00006374,12,1999,1,609.0,2,4,0,0.0,0,0,0,0,7.718685495198466,1,0,1,0,0,0,0,0.0,0,0,0,0,0,364
NCT02530320,3,2015,0,1589.0,2,4,0,3.5553480614894135,1,1,0,1,8.626406276389554,1,0,0,11,0,0,0,0.37362637362637363,0,0,0,0,0,91
NCT02530320,6,2015,0,1589.0,2,4,0,3.5553480614894135,1,1,0,1,8.626406276389554,1,0,0,11,0,0,0,0.18681318681318682,0,0,0,0,0,182
NCT02530320,12,2015,0,1589.0,2,4,0,3.5553480614894135,1,1,0,1,8.626406276389554,1,0,0,11,0,0,0,0.09340659340659341,0,0,0,0,0,364
NCT04003623,3,2019,1,225.0,2,0,1,0.6931471805599453,1,1,0,1,6.710523109452428,1,0,0,11,0,0,0,0.01098901098901099,0,0,0,0,0,91
NCT04003623,6,2019,1,225.0,2,0,1,0.6931471805599453,1,1,0,1,6.710523109452428,1,0,0,11,0,0,0,0.005494505494505495,0,0,0,0,0,182
NCT01321879,3,2011,0,2102.0,2,4,0,3.713572066704308,1,1,0,1,8.156510226079966,1,0,0,1,0,0,0,0.43956043956043955,0,0,0,0,0,91
NCT01321879,6,2011,0,2102.0,2,4,0,3.713572066704308,1,1,0,1,8.156510226079966,1,0,0,1,0,0,0,0.21978021978021978,0,0,0,0,0,182
NCT01321879,12,2011,0,2102.0,2,4,0,3.713572066704308,1,1,0,1,8.156510226079966,1,0,0,1,0,0,0,0.10989010989010989,0,0,0,0,0,364
NCT01996696,3,2014,1,2253.0,2,4,0,4.430816798843313,2,1,0,1,7.813995675002791,1,0,0,3,0,0,0,0.9120879120879121,0,0,0,0,0,91
NCT01996696,6,2014,1,2253.0,2,4,0,4.430816798843313,2,1,0,1,7.813995675002791,1,0,0,3,0,0,0,0.45604395604395603,0,0,0,0,0,182
NCT01996696,12,2014,1,2253.0,2,4,0,4.430816798843313,2,1,0,1,7.813995675002791,1,0,0,3,0,0,0,0.22802197802197802,0,0,0,0,0,364
NCT00996996,3,1996,0,5600.0,2,0,1,4.356708826689592,1,0,0,4,8.308199063206446,0,0,1,0,0,0,0,0.8461538461538461,0,0,0,0,0,91
NCT00996996,6,1996,0,5600.0,2,0,1,4.356708826689592,1,0,0,4,8.308199063206446,0,0,1,0,0,0,0,0.4230769230769231,0,0,0,0,0,182
NCT00996996,12,1996,0,5600.0,2,0,1,4.356708826689592,1,0,0,4,8.308199063206446,0,0,1,0,0,0,0,0.21153846153846154,0,0,0,0,0,364
NCT01611662,3,2012,1,2429.0,2,4,0,3.4965075614664802,1,1,0,1,8.207674424355282,1,0,0,2,0,0,0,0.3516483516483517,0,0,0,0,0,91
NCT01611662,6,2012,1,2429.0,2,4,0,3.4965075614664802,1,1,0,1,8.207674424355282,1,0,0,2,0,0,0,0.17582417582417584,0,0,0,0,0,182
NCT01611662,12,2012,1,2429.0,2,4,0,3.4965075614664802,1,1,0,1,8.207674424355282,1,0,0,2,0,0,0,0.08791208791208792,0,0,0,0,0,364
NCT00636610,3,2008,0,944.0,2,0,1,5.298317366548036,2,0,0,1,7.403061091090091,1,0,0,0,0,0,0,2.1868131868131866,0,0,0,0,0,91
NCT00636610,6,2008,0,944.0,2,0,1,5.298317366548036,2,0,0,1,7.403061091090091,1,0,0,0,0,0,0,1.0934065934065933,0,0,0,0,0,182
NCT00636610,12,2008,0,944.0,2,0,1,5.298317366548036,2,0,0,1,7.403061091090091,1,0,0,0,0,0,0,0.5467032967032966,0,0,0,0,0,364
NCT00318110,3,2006,1,1065.0,2,4,0,1.6094379124341003,1,1,0,1,6.171700597410915,0,0,0,5,0,0,0,0.04395604395604396,0,0,0,0,0,91
NCT00318110,6,2006,1,1065.0,2,4,0,1.6094379124341003,1,1,0,1,6.171700597410915,0,0,0,5,0,0,0,0.02197802197802198,0,0,0,0,0,182
NCT00318110,12,2006,1,1065.0,2,4,0,1.6094379124341003,1,1,0,1,6.171700597410915,0,0,0,5,0,0,0,0.01098901098901099,0,0,0,0,0,364
NCT01669720,3,2012,1,1126.0,2,4,0,2.3978952727983707,2,1,0,1,8.11969625295725,1,0,0,2,0,0,0,0.10989010989010989,0,0,0,0,0,91
NCT01669720,6,2012,1,1126.0,2,4,0,2.3978952727983707,2,1,0,1,8.11969625295725,1,0,0,2,0,0,0,0.054945054945054944,0,0,0,0,0,182
NCT01669720,12,2012,1,1126.0,2,4,0,2.3978952727983707,2,1,0,1,8.11969625295725,1,0,0,2,0,0,0,0.027472527472527472,0,0,0,0,0,364
NCT02970682,3,2016,0,881.0,2,0,1,4.110873864173311,3,4,1,2,8.788898309344878,1,0,0,10,0,0,0,0.6593406593406593,0,0,0,0,0,91
NCT02970682,6,2016,0,881.0,2,0,1,4.110873864173311,3,4,1,2,8.788898309344878,1,0,0,10,0,0,0,0.32967032967032966,0,0,0,0,0,182
NCT02970682,12,2016,0,881.0,2,0,1,4.110873864173311,3,4,1,2,8.788898309344878,1,0,0,10,0,0,0,0.16483516483516483,0,0,0,0,0,364
NCT01349959,3,2011,0,4467.0,2,1,0,4.07753744390572,1,1,0,1,8.762646029650282,1,0,0,7,0,0,0,0.6373626373626373,0,0,0,0,0,91
NCT01349959,6,2011,0,4467.0,2,1,0,4.07753744390572,1,1,0,1,8.762646029650282,1,0,0,7,0,0,0,0.31868131868131866,0,0,0,0,0,182
NCT01349959,12,2011,0,4467.0,2,1,0,4.07753744390572,1,1,0,1,8.762646029650282,1,0,0,7,0,0,0,0.15934065934065933,0,0,0,0,0,364
NCT01610180,3,2012,0,2220.0,2,4,0,2.9444389791664403,1,1,0,1,7.5883236773352225,1,0,0,1,0,0,0,0.1978021978021978,0,0,0,0,0,91
NCT01610180,6,2012,0,2220.0,2,4,0,2.9444389791664403,1,1,0,1,7.5883236773352225,1,0,0,1,0,0,0,0.0989010989010989,0,0,0,0,0,182
NCT01610180,12,2012,0,2220.0,2,4,0,2.9444389791664403,1,1,0,1,7.5883236773352225,1,0,0,1,0,0,0,0.04945054945054945,0,0,0,0,0,364
NCT00751296,3,2006,1,2800.0,2,4,0,3.332204510175204,1,1,0,1,8.213923595622743,1,0,0,1,0,0,0,0.2967032967032967,0,0,0,0,0,91
NCT00751296,6,2006,1,2800.0,2,4,0,3.332204510175204,1,1,0,1,8.213923595622743,1,0,0,1,0,0,0,0.14835164835164835,0,0,0,0,0,182
NCT00751296,12,2006,1,2800.0,2,4,0,3.332204510175204,1,1,0,1,8.213923595622743,1,0,0,1,0,0,0,0.07417582417582418,0,0,0,0,0,364
NCT03878979,3,2019,0,1562.0,2,4,0,3.295836866004329,2,1,0,2,8.870522545103873,1,0,0,1,0,0,0,0.2857142857142857,0,0,0,0,0,91
NCT03878979,6,2019,0,1562.0,2,4,0,3.295836866004329,2,1,0,2,8.870522545103873,1,0,0,1,0,0,0,0.14285714285714285,0,0,0,0,0,182
NCT03878979,12,2019,0,1562.0,2,4,0,3.295836866004329,2,1,0,2,8.870522545103873,1,0,0,1,0,0,0,0.07142857142857142,0,0,0,0,0,364
NCT01383746,3,2011,1,366.0,1,4,0,1.791759469228055,1,1,0,1,5.981414211254481,0,1,0,1,0,0,0,0.054945054945054944,0,0,0,0,0,91
NCT01383746,6,2011,1,366.0,1,4,0,1.791759469228055,1,1,0,1,5.981414211254481,0,1,0,1,0,0,0,0.027472527472527472,0,0,0,0,0,182
NCT01383746,12,2011,1,366.0,1,4,0,1.791759469228055,1,1,0,1,5.981414211254481,0,1,0,1,0,0,0,0.013736263736263736,0,0,0,0,0,364
NCT00298688,3,2004,0,911.0,2,0,1,4.04305126783455,0,2,1,1,6.037870919922137,1,0,0,3,0,0,0,0.6153846153846154,0,0,0,0,0,91
NCT00298688,6,2004,0,911.0,2,0,1,4.04305126783455,0,2,1,1,6.037870919922137,1,0,0,3,0,0,0,0.3076923076923077,0,0,0,0,0,182
NCT00298688,12,2004,0,911.0,2,0,1,4.04305126783455,0,2,1,1,6.037870919922137,1,0,0,3,0,0,0,0.15384615384615385,0,0,0,0,0,364
NCT02921269,3,2017,0,1405.0,2,1,0,2.4849066497880004,1,1,0,1,9.375006993531416,1,0,1,22,0,0,0,0.12087912087912088,0,0,0,0,0,91
NCT02921269,6,2017,0,1405.0,2,1,0,2.4849066497880004,1,1,0,1,9.375006993531416,1,0,1,22,0,0,0,0.06043956043956044,0,0,0,0,0,182
NCT02921269,12,2017,0,1405.0,2,1,0,2.4849066497880004,1,1,0,1,9.375006993531416,1,0,1,22,0,0,0,0.03021978021978022,0,0,0,0,0,364
NCT00062283,3,2003,0,2467.0,2,4,0,0.0,0,1,0,0,8.268475388982598,1,0,0,12,0,0,0,0.0,0,0,0,0,0,91
NCT00062283,6,2003,0,2467.0,2,4,0,0.0,0,1,0,0,8.268475388982598,1,0,0,12,0,0,0,0.0,0,0,0,0,0,182
NCT00062283,12,2003,0,2467.0,2,4,0,0.0,0,1,0,0,8.268475388982598,1,0,0,12,0,0,0,0.0,0,0,0,0,0,364
NCT00906841,3,2007,1,3835.0,2,4,0,4.330733340286331,1,1,0,1,7.442492722794441,1,0,0,1,0,0,0,0.8241758241758241,0,0,0,0,0,91
NCT00906841,6,2007,1,3835.0,2,4,0,4.330733340286331,1,1,0,1,7.442492722794441,1,0,0,1,0,0,0,0.41208791208791207,0,0,0,0,0,182
NCT00906841,12,2007,1,3835.0,2,4,0,4.330733340286331,1,1,0,1,7.442492722794441,1,0,0,1,0,0,0,0.20604395604395603,0,0,0,0,0,364
NCT00689741,3,2001,0,820.0,2,0,1,7.01571242048723,2,0,0,1,8.538758969330798,0,0,1,0,0,0,0,12.23076923076923,0,0,0,0,0,91
NCT00689741,6,2001,0,820.0,2,0,1,7.01571242048723,2,0,0,1,8.538758969330798,0,0,1,0,0,0,0,6.115384615384615,0,0,0,0,0,182
NCT00689741,12,2001,0,820.0,2,0,1,7.01571242048723,2,0,0,1,8.538758969330798,0,0,1,0,0,0,0,3.0576923076923075,0,0,0,0,0,364
NCT00619541,3,2007,0,731.0,2,4,0,3.8501476017100584,1,1,0,1,8.70549681988774,1,0,0,1,0,0,0,0.5054945054945055,0,0,0,0,0,91
NCT00619541,6,2007,0,731.0,2,4,0,3.8501476017100584,1,1,0,1,8.70549681988774,1,0,0,1,0,0,0,0.25274725274725274,0,0,0,0,0,182
NCT00619541,12,2007,0,731.0,2,4,0,3.8501476017100584,1,1,0,1,8.70549681988774,1,0,0,1,0,0,0,0.12637362637362637,0,0,0,0,0,364
NCT01013805,3,2009,0,1126.0,2,4,0,3.7376696182833684,1,1,0,1,7.441906728051625,1,0,0,1,0,0,0,0.45054945054945056,0,0,0,0,0,91
NCT01013805,6,2009,0,1126.0,2,4,0,3.7376696182833684,1,1,0,1,7.441906728051625,1,0,0,1,0,0,0,0.22527472527472528,0,0,0,0,0,182
NCT01013805,12,2009,0,1126.0,2,4,0,3.7376696182833684,1,1,0,1,7.441906728051625,1,0,0,1,0,0,0,0.11263736263736264,0,0,0,0,0,364
NCT01676194,3,2012,1,1294.0,3,4,0,2.0794415416798357,2,1,0,1,6.20455776256869,0,0,0,7,0,0,0,0.07692307692307693,0,0,0,0,0,91
NCT01676194,6,2012,1,1294.0,3,4,0,2.0794415416798357,2,1,0,1,6.20455776256869,0,0,0,7,0,0,0,0.038461538461538464,0,0,0,0,0,182
NCT01676194,12,2012,1,1294.0,3,4,0,2.0794415416798357,2,1,0,1,6.20455776256869,0,0,0,7,0,0,0,0.019230769230769232,0,0,0,0,0,364
NCT02194166,3,2014,0,1455.0,3,0,1,4.51085950651685,3,2,1,2,8.113426639943654,1,0,0,7,0,0,0,0.989010989010989,0,0,0,0,0,91
NCT02194166,6,2014,0,1455.0,3,0,1,4.51085950651685,3,2,1,2,8.113426639943654,1,0,0,7,0,0,0,0.4945054945054945,0,0,0,0,0,182
NCT02194166,12,2014,0,1455.0,3,0,1,4.51085950651685,3,2,1,2,8.113426639943654,1,0,0,7,0,0,0,0.24725274725274726,0,0,0,0,0,364
NCT00365274,3,2006,1,1369.0,2,1,0,1.9459101490553132,1,1,0,1,7.7279755421055585,1,0,0,1,0,0,0,0.06593406593406594,0,0,0,0,0,91
NCT00365274,6,2006,1,1369.0,2,1,0,1.9459101490553132,1,1,0,1,7.7279755421055585,1,0,0,1,0,0,0,0.03296703296703297,0,0,0,0,0,182
NCT00365274,12,2006,1,1369.0,2,1,0,1.9459101490553132,1,1,0,1,7.7279755421055585,1,0,0,1,0,0,0,0.016483516483516484,0,0,0,0,0,364
NCT01194791,3,2010,0,2253.0,2,4,0,3.4339872044851463,1,1,0,1,8.676587243566487,1,0,0,10,0,0,0,0.32967032967032966,0,0,0,0,0,91
NCT01194791,6,2010,0,2253.0,2,4,0,3.4339872044851463,1,1,0,1,8.676587243566487,1,0,0,10,0,0,0,0.16483516483516483,0,0,0,0,0,182
NCT01194791,12,2010,0,2253.0,2,4,0,3.4339872044851463,1,1,0,1,8.676587243566487,1,0,0,10,0,0,0,0.08241758241758242,0,0,0,0,0,364
NCT06242691,3,2024,0,475.0,1,0,1,2.6390573296152584,3,6,1,3,7.509335266016592,1,0,1,16,0,0,0,0.14285714285714285,0,0,0,0,0,91
NCT06242691,6,2024,0,475.0,1,0,1,2.6390573296152584,3,6,1,3,7.509335266016592,1,0,1,16,0,0,0,0.07142857142857142,0,0,0,0,0,182
NCT06242691,12,2024,0,475.0,1,0,1,2.6390573296152584,3,6,1,3,7.509335266016592,1,0,1,16,0,0,0,0.03571428571428571,0,0,0,0,0,364
NCT03582618,3,2018,1,1632.0,2,0,1,2.5649493574615367,1,2,1,1,8.210939733379021,1,0,0,3,0,0,0,0.13186813186813187,0,0,0,0,0,91
NCT03582618,6,2018,1,1632.0,2,0,1,2.5649493574615367,1,2,1,1,8.210939733379021,1,0,0,3,0,0,0,0.06593406593406594,0,0,0,0,0,182
NCT03582618,12,2018,1,1632.0,2,0,1,2.5649493574615367,1,2,1,1,8.210939733379021,1,0,0,3,0,0,0,0.03296703296703297,0,0,0,0,0,364
NCT06603818,3,2025,1,,2,1,0,0.0,1,1,0,2,9.115150184972434,0,0,1,1,0,0,0,0.0,0,0,0,0,0,91
NCT06603818,6,2025,1,,2,1,0,0.0,1,1,0,2,9.115150184972434,0,0,1,1,0,0,0,0.0,0,0,0,0,0,182
NCT06603818,12,2025,1,,2,1,0,0.0,1,1,0,2,9.115150184972434,0,0,1,1,0,0,0,0.0,0,0,0,0,0,364
NCT00238290,3,2005,0,2161.0,2,4,0,2.6390573296152584,1,1,0,1,8.02322468471667,1,0,0,14,0,0,0,0.14285714285714285,0,0,0,0,0,91
NCT00238290,6,2005,0,2161.0,2,4,0,2.6390573296152584,1,1,0,1,8.02322468471667,1,0,0,14,0,0,0,0.07142857142857142,0,0,0,0,0,182
NCT00238290,12,2005,0,2161.0,2,4,0,2.6390573296152584,1,1,0,1,8.02322468471667,1,0,0,14,0,0,0,0.03571428571428571,0,0,0,0,0,364
NCT00656513,3,2008,0,2252.0,2,4,0,5.2832037287379885,3,2,1,2,7.850882664809852,1,0,0,20,0,0,0,2.1538461538461537,0,0,0,0,0,91
NCT00656513,6,2008,0,2252.0,2,4,0,5.2832037287379885,3,2,1,2,7.850882664809852,1,0,0,20,0,0,0,1.0769230769230769,0,0,0,0,0,182
NCT00656513,12,2008,0,2252.0,2,4,0,5.2832037287379885,3,2,1,2,7.850882664809852,1,0,0,20,0,0,0,0.5384615384615384,0,0,0,0,0,364
NCT04027946,3,2019,1,1563.0,2,1,0,1.9459101490553132,1,1,0,2,9.367771379925012,1,0,0,1,0,0,0,0.06593406593406594,0,0,0,0,0,91
NCT04027946,6,2019,1,1563.0,2,1,0,1.9459101490553132,1,1,0,2,9.367771379925012,1,0,0,1,0,0,0,0.03296703296703297,0,0,0,0,0,182
NCT04027946,12,2019,1,1563.0,2,1,0,1.9459101490553132,1,1,0,2,9.367771379925012,1,0,0,1,0,0,0,0.016483516483516484,0,0,0,0,0,364
NCT03123588,3,2017,1,993.0,2,0,1,2.5649493574615367,2,1,0,1,7.427738840532894,1,0,0,26,0,0,0,0.13186813186813187,0,0,0,0,0,91
NCT03123588,6,2017,1,993.0,2,0,1,2.5649493574615367,2,1,0,1,7.427738840532894,1,0,0,26,0,0,0,0.06593406593406594,0,0,0,0,0,182
NCT03123588,12,2017,1,993.0,2,0,1,2.5649493574615367,2,1,0,1,7.427738840532894,1,0,0,26,0,0,0,0.03296703296703297,0,0,0,0,0,364
NCT00077961,3,2003,1,793.0,1,0,1,3.912023005428146,0,1,0,0,8.00903068506973,1,0,0,10,0,0,0,0.5384615384615384,0,0,0,0,0,91
NCT00077961,6,2003,1,793.0,1,0,1,3.912023005428146,0,1,0,0,8.00903068506973,1,0,0,10,0,0,0,0.2692307692307692,0,0,0,0,0,182
NCT00077961,12,2003,1,793.0,1,0,1,3.912023005428146,0,1,0,0,8.00903068506973,1,0,0,10,0,0,0,0.1346153846153846,0,0,0,0,0,364
NCT00002942,3,1996,0,2739.0,3,4,0,4.919980925828125,2,1,0,0,7.543802867501509,0,0,0,1,0,0,0,1.4945054945054945,0,0,0,0,0,91
NCT00002942,6,1996,0,2739.0,3,4,0,4.919980925828125,2,1,0,0,7.543802867501509,0,0,0,1,0,0,0,0.7472527472527473,0,0,0,0,0,182
NCT00002942,12,1996,0,2739.0,3,4,0,4.919980925828125,2,1,0,0,7.543802867501509,0,0,0,1,0,0,0,0.37362637362637363,0,0,0,0,0,364
NCT00625573,3,2007,0,547.0,2,4,0,3.4011973816621555,0,1,0,1,7.6624678152002375,1,0,0,1,0,0,0,0.31868131868131866,0,0,0,0,0,91
NCT00625573,6,2007,0,547.0,2,4,0,3.4011973816621555,0,1,0,1,7.6624678152002375,1,0,0,1,0,0,0,0.15934065934065933,0,0,0,0,0,182
NCT00625573,12,2007,0,547.0,2,4,0,3.4011973816621555,0,1,0,1,7.6624678152002375,1,0,0,1,0,0,0,0.07967032967032966,0,0,0,0,0,364
NCT00678054,3,1999,0,6049.0,2,4,0,3.4339872044851463,1,1,0,1,7.809135398120538,1,0,0,1,0,0,0,0.32967032967032966,0,0,0,0,0,91
NCT00678054,6,1999,0,6049.0,2,4,0,3.4339872044851463,1,1,0,1,7.809135398120538,1,0,0,1,0,0,0,0.16483516483516483,0,0,0,0,0,182
NCT00678054,12,1999,0,6049.0,2,4,0,3.4339872044851463,1,1,0,1,7.809135398120538,1,0,0,1,0,0,0,0.08241758241758242,0,0,0,0,0,364
NCT04243954,3,2020,0,225.0,2,2,0,4.564348191467836,3,1,0,2,7.56734567601324,1,0,0,1,0,0,0,1.043956043956044,0,0,0,0,0,91
NCT04243954,6,2020,0,225.0,2,2,0,4.564348191467836,3,1,0,2,7.56734567601324,1,0,0,1,0,0,0,0.521978021978022,0,0,0,0,0,182
NCT01725490,3,2013,0,2753.0,2,4,0,3.5553480614894135,3,1,0,1,6.760414691083428,1,0,0,1,0,0,0,0.37362637362637363,0,0,0,0,0,91
NCT01725490,6,2013,0,2753.0,2,4,0,3.5553480614894135,3,1,0,1,6.760414691083428,1,0,0,1,0,0,0,0.18681318681318682,0,0,0,0,0,182
NCT01725490,12,2013,0,2753.0,2,4,0,3.5553480614894135,3,1,0,1,6.760414691083428,1,0,0,1,0,0,0,0.09340659340659341,0,0,0,0,0,364
NCT01173497,3,2010,0,1096.0,2,0,1,3.8066624897703196,1,1,0,1,7.27655640271871,1,0,0,13,0,0,0,0.4835164835164835,0,0,0,0,0,91
NCT01173497,6,2010,0,1096.0,2,0,1,3.8066624897703196,1,1,0,1,7.27655640271871,1,0,0,13,0,0,0,0.24175824175824176,0,0,0,0,0,182
NCT01173497,12,2010,0,1096.0,2,0,1,3.8066624897703196,1,1,0,1,7.27655640271871,1,0,0,13,0,0,0,0.12087912087912088,0,0,0,0,0,364
NCT02357810,3,2015,0,2397.0,2,4,0,5.187385805840755,1,1,0,1,9.190137664658664,1,0,0,8,0,0,0,1.956043956043956,0,0,0,0,0,91
NCT02357810,6,2015,0,2397.0,2,4,0,5.187385805840755,1,1,0,1,9.190137664658664,1,0,0,8,0,0,0,0.978021978021978,0,0,0,0,0,182
NCT02357810,12,2015,0,2397.0,2,4,0,5.187385805840755,1,1,0,1,9.190137664658664,1,0,0,8,0,0,0,0.489010989010989,0,0,0,0,0,364
NCT00006220,3,1999,1,976.0,1,4,0,1.791759469228055,3,1,0,2,7.870165946469845,1,0,0,1,0,0,0,0.054945054945054944,0,0,0,0,0,91
NCT00006220,6,1999,1,976.0,1,4,0,1.791759469228055,3,1,0,2,7.870165946469845,1,0,0,1,0,0,0,0.027472527472527472,0,0,0,0,0,182
NCT00006220,12,1999,1,976.0,1,4,0,1.791759469228055,3,1,0,2,7.870165946469845,1,0,0,1,0,0,0,0.013736263736263736,0,0,0,0,0,364
NCT00589823,3,2007,0,639.0,3,0,1,4.912654885736052,2,1,0,1,6.742880635791903,1,0,0,1,0,0,0,1.4835164835164836,0,0,0,0,0,91
NCT00589823,6,2007,0,639.0,3,0,1,4.912654885736052,2,1,0,1,6.742880635791903,1,0,0,1,0,0,0,0.7417582417582418,0,0,0,0,0,182
NCT00589823,12,2007,0,639.0,3,0,1,4.912654885736052,2,1,0,1,6.742880635791903,1,0,0,1,0,0,0,0.3708791208791209,0,0,0,0,0,364
NCT00399659,3,2006,1,151.0,3,0,1,5.8888779583328805,0,1,0,1,5.846438775057725,1,0,0,57,0,0,0,3.956043956043956,0,0,0,0,0,91
NCT01196559,3,2011,0,1369.0,2,4,0,3.8066624897703196,1,1,0,1,7.638679823876112,1,0,0,4,0,0,0,0.4835164835164835,0,0,0,0,0,91
NCT01196559,6,2011,0,1369.0,2,4,0,3.8066624897703196,1,1,0,1,7.638679823876112,1,0,0,4,0,0,0,0.24175824175824176,0,0,0,0,0,182
NCT01196559,12,2011,0,1369.0,2,4,0,3.8066624897703196,1,1,0,1,7.638679823876112,1,0,0,4,0,0,0,0.12087912087912088,0,0,0,0,0,364
NCT03475680,3,2018,1,1323.0,3,4,0,5.267858159063328,4,1,0,1,7.163946684342547,1,0,0,1,0,0,0,2.120879120879121,0,0,0,0,0,91
NCT03475680,6,2018,1,1323.0,3,4,0,5.267858159063328,4,1,0,1,7.163946684342547,1,0,0,1,0,0,0,1.0604395604395604,0,0,0,0,0,182
NCT03475680,12,2018,1,1323.0,3,4,0,5.267858159063328,4,1,0,1,7.163946684342547,1,0,0,1,0,0,0,0.5302197802197802,0,0,0,0,0,364
NCT01606579,3,2012,0,1643.0,1,0,1,3.912023005428146,5,1,0,1,8.209308411646937,1,0,0,6,0,0,0,0.5384615384615384,0,0,0,0,0,91
NCT01606579,6,2012,0,1643.0,1,0,1,3.912023005428146,5,1,0,1,8.209308411646937,1,0,0,6,0,0,0,0.2692307692307692,0,0,0,0,0,182
NCT01606579,12,2012,0,1643.0,1,0,1,3.912023005428146,5,1,0,1,8.209308411646937,1,0,0,6,0,0,0,0.1346153846153846,0,0,0,0,0,364
NCT01054079,3,2011,0,1065.0,2,4,0,3.044522437723423,1,1,0,1,7.202661196523238,1,0,0,1,0,0,0,0.21978021978021978,0,0,0,0,0,91
NCT01054079,6,2011,0,1065.0,2,4,0,3.044522437723423,1,1,0,1,7.202661196523238,1,0,0,1,0,0,0,0.10989010989010989,0,0,0,0,0,182
NCT01054079,12,2011,0,1065.0,2,4,0,3.044522437723423,1,1,0,1,7.202661196523238,1,0,0,1,0,0,0,0.054945054945054944,0,0,0,0,0,364
NCT04495179,3,2020,0,734.0,2,0,1,3.4339872044851463,2,5,1,1,8.087640287778983,1,0,0,16,0,0,0,0.32967032967032966,0,0,0,0,0,91
NCT04495179,6,2020,0,734.0,2,0,1,3.4339872044851463,2,5,1,1,8.087640287778983,1,0,0,16,0,0,0,0.16483516483516483,0,0,0,0,0,182
NCT04495179,12,2020,0,734.0,2,0,1,3.4339872044851463,2,5,1,1,8.087640287778983,1,0,0,16,0,0,0,0.08241758241758242,0,0,0,0,0,364
NCT00093470,3,2004,0,3838.0,3,1,0,4.976733742420574,2,3,1,1,8.318498320504338,1,0,0,341,0,0,0,1.5824175824175823,0,0,0,0,0,91
NCT00093470,6,2004,0,3838.0,3,1,0,4.976733742420574,2,3,1,1,8.318498320504338,1,0,0,341,0,0,0,0.7912087912087912,0,0,0,0,0,182
NCT00093470,12,2004,0,3838.0,3,1,0,4.976733742420574,2,3,1,1,8.318498320504338,1,0,0,341,0,0,0,0.3956043956043956,0,0,0,0,0,364
NCT02087241,3,2014,1,457.0,2,0,1,3.1354942159291497,2,1,0,1,8.09009578318096,1,0,0,8,0,0,0,0.24175824175824176,0,0,0,0,0,91
NCT02087241,6,2014,1,457.0,2,0,1,3.1354942159291497,2,1,0,1,8.09009578318096,1,0,0,8,0,0,0,0.12087912087912088,0,0,0,0,0,182
NCT02087241,12,2014,1,457.0,2,0,1,3.1354942159291497,2,1,0,1,8.09009578318096,1,0,0,8,0,0,0,0.06043956043956044,0,0,0,0,0,364
NCT00284141,3,2006,0,912.0,2,0,1,4.59511985013459,1,3,1,2,7.53955882930103,1,0,0,3,0,0,0,1.0769230769230769,0,0,0,0,0,91
NCT00284141,6,2006,0,912.0,2,0,1,4.59511985013459,1,3,1,2,7.53955882930103,1,0,0,3,0,0,0,0.5384615384615384,0,0,0,0,0,182
NCT00284141,12,2006,0,912.0,2,0,1,4.59511985013459,1,3,1,2,7.53955882930103,1,0,0,3,0,0,0,0.2692307692307692,0,0,0,0,0,364
NCT00087854,3,2004,0,640.0,1,0,1,3.713572066704308,0,1,0,3,7.803026643632217,1,0,0,8,0,0,0,0.43956043956043955,0,0,0,0,0,91
NCT00087854,6,2004,0,640.0,1,0,1,3.713572066704308,0,1,0,3,7.803026643632217,1,0,0,8,0,0,0,0.21978021978021978,0,0,0,0,0,182
NCT00087854,12,2004,0,640.0,1,0,1,3.713572066704308,0,1,0,3,7.803026643632217,1,0,0,8,0,0,0,0.10989010989010989,0,0,0,0,0,364
NCT00365105,3,2006,0,3884.0,3,4,0,5.568344503761097,2,1,0,1,8.515391569469609,1,0,0,147,0,0,0,2.868131868131868,0,0,0,0,0,91
NCT00365105,6,2006,0,3884.0,3,4,0,5.568344503761097,2,1,0,1,8.515391569469609,1,0,0,147,0,0,0,1.434065934065934,0,0,0,0,0,182
NCT00365105,12,2006,0,3884.0,3,4,0,5.568344503761097,2,1,0,1,8.515391569469609,1,0,0,147,0,0,0,0.717032967032967,0,0,0,0,0,364
NCT00918320,3,2009,0,2252.0,2,4,0,4.867534450455582,1,1,0,1,7.856319571406588,1,0,0,1,0,0,0,1.4175824175824177,0,0,0,0,0,91
NCT00918320,6,2009,0,2252.0,2,4,0,4.867534450455582,1,1,0,1,7.856319571406588,1,0,0,1,0,0,0,0.7087912087912088,0,0,0,0,0,182
NCT00918320,12,2009,0,2252.0,2,4,0,4.867534450455582,1,1,0,1,7.856319571406588,1,0,0,1,0,0,0,0.3543956043956044,0,0,0,0,0,364
NCT01460420,3,2011,0,2067.0,1,4,0,3.912023005428146,1,4,1,1,7.606387389772652,1,0,0,10,0,0,0,0.5384615384615384,0,0,0,0,0,91
NCT01460420,6,2011,0,2067.0,1,4,0,3.912023005428146,1,4,1,1,7.606387389772652,1,0,0,10,0,0,0,0.2692307692307692,0,0,0,0,0,182
NCT01460420,12,2011,0,2067.0,1,4,0,3.912023005428146,1,4,1,1,7.606387389772652,1,0,0,10,0,0,0,0.1346153846153846,0,0,0,0,0,364
NCT00634582,3,2009,1,2342.0,2,4,0,1.0986122886681098,0,1,0,1,7.388327859577107,1,0,0,1,0,0,0,0.02197802197802198,0,0,0,0,0,91
NCT00634582,6,2009,1,2342.0,2,4,0,1.0986122886681098,0,1,0,1,7.388327859577107,1,0,0,1,0,0,0,0.01098901098901099,0,0,0,0,0,182
NCT00634582,12,2009,1,2342.0,2,4,0,1.0986122886681098,0,1,0,1,7.388327859577107,1,0,0,1,0,0,0,0.005494505494505495,0,0,0,0,0,364
NCT02953782,3,2016,0,1195.0,1,0,1,4.3694478524670215,8,1,0,3,7.27931883541462,1,0,0,8,0,0,0,0.8571428571428571,0,0,0,0,0,91
NCT02953782,6,2016,0,1195.0,1,0,1,4.3694478524670215,8,1,0,3,7.27931883541462,1,0,0,8,0,0,0,0.42857142857142855,0,0,0,0,0,182
NCT02953782,12,2016,0,1195.0,1,0,1,4.3694478524670215,8,1,0,3,7.27931883541462,1,0,0,8,0,0,0,0.21428571428571427,0,0,0,0,0,364
NCT06313996,3,2024,1,2757.0,3,0,1,0.0,2,0,0,1,7.103322062526113,1,0,0,0,0,0,0,0.0,0,0,0,0,0,91
NCT06313996,6,2024,1,2757.0,3,0,1,0.0,2,0,0,1,7.103322062526113,1,0,0,0,0,0,0,0.0,0,0,0,0,0,182
NCT06313996,12,2024,1,2757.0,3,0,1,0.0,2,0,0,1,7.103322062526113,1,0,0,0,0,0,0,0.0,0,0,0,0,0,364
NCT01479946,3,2011,1,1339.0,2,4,0,0.0,2,1,0,1,8.085794701281568,1,0,0,1,0,0,0,0.0,0,0,0,0,0,91
NCT01479946,6,2011,1,1339.0,2,4,0,0.0,2,1,0,1,8.085794701281568,1,0,0,1,0,0,0,0.0,0,0,0,0,0,182
NCT01479946,12,2011,1,1339.0,2,4,0,0.0,2,1,0,1,8.085794701281568,1,0,0,1,0,0,0,0.0,0,0,0,0,0,364
NCT02220088,3,2014,1,1308.0,2,4,0,4.382026634673881,2,1,0,1,7.355641102974253,1,0,0,1,0,0,0,0.8681318681318682,0,0,0,0,0,91
NCT02220088,6,2014,1,1308.0,2,4,0,4.382026634673881,2,1,0,1,7.355641102974253,1,0,0,1,0,0,0,0.4340659340659341,0,0,0,0,0,182
NCT02220088,12,2014,1,1308.0,2,4,0,4.382026634673881,2,1,0,1,7.355641102974253,1,0,0,1,0,0,0,0.21703296703296704,0,0,0,0,0,364
NCT04811027,3,2021,0,1531.0,2,0,1,5.147494476813453,3,9,1,1,8.035278911144667,1,0,0,28,0,0,0,1.879120879120879,0,0,0,0,0,91
NCT04811027,6,2021,0,1531.0,2,0,1,5.147494476813453,3,9,1,1,8.035278911144667,1,0,0,28,0,0,0,0.9395604395604396,0,0,0,0,0,182
NCT04811027,12,2021,0,1531.0,2,0,1,5.147494476813453,3,9,1,1,8.035278911144667,1,0,0,28,0,0,0,0.4697802197802198,0,0,0,0,0,364
NCT00002842,3,1994,0,7182.0,2,4,0,3.912023005428146,1,1,0,1,7.311218384419629,1,0,0,1,0,0,0,0.5384615384615384,0,0,0,0,0,91
NCT00002842,6,1994,0,7182.0,2,4,0,3.912023005428146,1,1,0,1,7.311218384419629,1,0,0,1,0,0,0,0.2692307692307692,0,0,0,0,0,182
NCT00002842,12,1994,0,7182.0,2,4,0,3.912023005428146,1,1,0,1,7.311218384419629,1,0,0,1,0,0,0,0.1346153846153846,0,0,0,0,0,364
NCT02110069,3,2017,1,1231.0,2,4,0,1.6094379124341003,2,1,0,2,8.276394704863307,1,0,0,7,0,0,0,0.04395604395604396,0,0,0,0,0,91
NCT02110069,6,2017,1,1231.0,2,4,0,1.6094379124341003,2,1,0,2,8.276394704863307,1,0,0,7,0,0,0,0.02197802197802198,0,0,0,0,0,182
NCT02110069,12,2017,1,1231.0,2,4,0,1.6094379124341003,2,1,0,2,8.276394704863307,1,0,0,7,0,0,0,0.01098901098901099,0,0,0,0,0,364
NCT00057954,3,2005,1,1999.0,2,4,0,1.9459101490553132,1,1,0,1,7.369600720526409,1,0,0,19,0,0,0,0.06593406593406594,0,0,0,0,0,91
NCT00057954,6,2005,1,1999.0,2,4,0,1.9459101490553132,1,1,0,1,7.369600720526409,1,0,0,19,0,0,0,0.03296703296703297,0,0,0,0,0,182
NCT00057954,12,2005,1,1999.0,2,4,0,1.9459101490553132,1,1,0,1,7.369600720526409,1,0,0,19,0,0,0,0.016483516483516484,0,0,0,0,0,364
NCT01665794,3,2012,0,4841.0,1,4,0,3.258096538021482,2,2,1,3,8.523970175695261,1,0,0,5,0,0,0,0.27472527472527475,0,0,0,0,0,91
NCT01665794,6,2012,0,4841.0,1,4,0,3.258096538021482,2,2,1,3,8.523970175695261,1,0,0,5,0,0,0,0.13736263736263737,0,0,0,0,0,182
NCT01665794,12,2012,0,4841.0,1,4,0,3.258096538021482,2,2,1,3,8.523970175695261,1,0,0,5,0,0,0,0.06868131868131869,0,0,0,0,0,364
NCT02273713,3,2014,0,882.0,1,4,0,5.043425116919247,1,1,0,2,8.052614818815567,1,0,0,1,0,0,0,1.6923076923076923,0,0,0,0,0,91
NCT02273713,6,2014,0,882.0,1,4,0,5.043425116919247,1,1,0,2,8.052614818815567,1,0,0,1,0,0,0,0.8461538461538461,0,0,0,0,0,182
NCT02273713,12,2014,0,882.0,1,4,0,5.043425116919247,1,1,0,2,8.052614818815567,1,0,0,1,0,0,0,0.4230769230769231,0,0,0,0,0,364
NCT00849082,3,1987,0,3106.0,3,4,0,0.0,0,0,0,5,6.966024187106113,1,0,0,0,0,0,0,0.0,0,0,0,0,0,91
NCT00849082,6,1987,0,3106.0,3,4,0,0.0,0,0,0,5,6.966024187106113,1,0,0,0,0,0,0,0.0,0,0,0,0,0,182
NCT00849082,12,1987,0,3106.0,3,4,0,0.0,0,0,0,5,6.966024187106113,1,0,0,0,0,0,0,0.0,0,0,0,0,0,364
NCT00084682,3,2005,0,2465.0,2,1,0,2.70805020110221,1,1,0,1,7.99260665240021,1,0,0,2,0,0,0,0.15384615384615385,0,0,0,0,0,91
NCT00084682,6,2005,0,2465.0,2,1,0,2.70805020110221,1,1,0,1,7.99260665240021,1,0,0,2,0,0,0,0.07692307692307693,0,0,0,0,0,182
NCT00084682,12,2005,0,2465.0,2,1,0,2.70805020110221,1,1,0,1,7.99260665240021,1,0,0,2,0,0,0,0.038461538461538464,0,0,0,0,0,364
NCT00086580,3,2004,0,2161.0,3,0,1,5.817111159963204,2,15,1,1,8.285513309079741,0,0,1,48,0,0,0,3.681318681318681,0,0,0,0,0,91
NCT00086580,6,2004,0,2161.0,3,0,1,5.817111159963204,2,15,1,1,8.285513309079741,0,0,1,48,0,0,0,1.8406593406593406,0,0,0,0,0,182
NCT00086580,12,2004,0,2161.0,3,0,1,5.817111159963204,2,15,1,1,8.285513309079741,0,0,1,48,0,0,0,0.9203296703296703,0,0,0,0,0,364
NCT01103479,3,2010,0,1249.0,2,4,0,6.345636360828596,3,1,0,2,6.763884908562435,0,0,0,2,0,0,0,6.252747252747253,0,0,0,0,0,91
NCT01103479,6,2010,0,1249.0,2,4,0,6.345636360828596,3,1,0,2,6.763884908562435,0,0,0,2,0,0,0,3.1263736263736264,0,0,0,0,0,182
NCT01103479,12,2010,0,1249.0,2,4,0,6.345636360828596,3,1,0,2,6.763884908562435,0,0,0,2,0,0,0,1.5631868131868132,0,0,0,0,0,364
NCT00027703,3,2001,0,1673.0,2,1,0,4.672828834461906,2,1,0,1,8.112827478751374,1,0,1,1,0,0,0,1.164835164835165,0,0,0,0,0,91
NCT00027703,6,2001,0,1673.0,2,1,0,4.672828834461906,2,1,0,1,8.112827478751374,1,0,1,1,0,0,0,0.5824175824175825,0,0,0,0,0,182
NCT00027703,12,2001,0,1673.0,2,1,0,4.672828834461906,2,1,0,1,8.112827478751374,1,0,1,1,0,0,0,0.29120879120879123,0,0,0,0,0,364
NCT03583086,3,2018,0,2118.0,1,4,0,4.48863636973214,6,1,0,6,9.387398099095039,1,0,1,7,0,0,0,0.967032967032967,0,0,0,0,0,91
NCT03583086,6,2018,0,2118.0,1,4,0,4.48863636973214,6,1,0,6,9.387398099095039,1,0,1,7,0,0,0,0.4835164835164835,0,0,0,0,0,182
NCT03583086,12,2018,0,2118.0,1,4,0,4.48863636973214,6,1,0,6,9.387398099095039,1,0,1,7,0,0,0,0.24175824175824176,0,0,0,0,0,364
NCT05680870,3,2023,0,680.0,3,4,0,3.8501476017100584,2,1,0,2,7.337587743538596,1,0,0,1,0,0,0,0.5054945054945055,0,0,0,0,0,91
NCT05680870,6,2023,0,680.0,3,4,0,3.8501476017100584,2,1,0,2,7.337587743538596,1,0,0,1,0,0,0,0.25274725274725274,0,0,0,0,0,182
NCT05680870,12,2023,0,680.0,3,4,0,3.8501476017100584,2,1,0,2,7.337587743538596,1,0,0,1,0,0,0,0.12637362637362637,0,0,0,0,0,364
NCT00606983,3,2007,0,1219.0,3,4,0,4.61512051684126,2,1,0,1,6.659293919683638,1,0,0,1,0,0,0,1.098901098901099,0,0,0,0,0,91
NCT00606983,6,2007,0,1219.0,3,4,0,4.61512051684126,2,1,0,1,6.659293919683638,1,0,0,1,0,0,0,0.5494505494505495,0,0,0,0,0,182
NCT00606983,12,2007,0,1219.0,3,4,0,4.61512051684126,2,1,0,1,6.659293919683638,1,0,0,1,0,0,0,0.27472527472527475,0,0,0,0,0,364
NCT03743766,3,2019,0,1923.0,2,4,0,3.7612001156935624,3,1,0,4,7.325148957955575,1,0,0,1,0,0,0,0.46153846153846156,0,0,0,0,0,91
NCT03743766,6,2019,0,1923.0,2,4,0,3.7612001156935624,3,1,0,4,7.325148957955575,1,0,0,1,0,0,0,0.23076923076923078,0,0,0,0,0,182
NCT03743766,12,2019,0,1923.0,2,4,0,3.7612001156935624,3,1,0,4,7.325148957955575,1,0,0,1,0,0,0,0.11538461538461539,0,0,0,0,0,364
NCT01259856,3,2011,0,2129.0,3,4,0,5.1298987149230735,2,4,1,2,8.66888370465667,1,0,0,25,0,0,0,1.8461538461538463,0,0,0,0,0,91
NCT01259856,6,2011,0,2129.0,3,4,0,5.1298987149230735,2,4,1,2,8.66888370465667,1,0,0,25,0,0,0,0.9230769230769231,0,0,0,0,0,182
NCT01259856,12,2011,0,2129.0,3,4,0,5.1298987149230735,2,4,1,2,8.66888370465667,1,0,0,25,0,0,0,0.46153846153846156,0,0,0,0,0,364
NCT00048997,3,2002,0,5205.0,3,4,0,5.877735781779639,2,1,0,1,7.234898420314831,0,0,0,14,0,0,0,3.912087912087912,0,0,0,0,0,91
NCT00048997,6,2002,0,5205.0,3,4,0,5.877735781779639,2,1,0,1,7.234898420314831,0,0,0,14,0,0,0,1.956043956043956,0,0,0,0,0,182
NCT00048997,12,2002,0,5205.0,3,4,0,5.877735781779639,2,1,0,1,7.234898420314831,0,0,0,14,0,0,0,0.978021978021978,0,0,0,0,0,364
NCT00297024,3,2005,0,3011.0,2,4,0,2.70805020110221,1,1,0,1,7.044905117129371,0,0,0,1,0,0,0,0.15384615384615385,0,0,0,0,0,91
NCT00297024,6,2005,0,3011.0,2,4,0,2.70805020110221,1,1,0,1,7.044905117129371,0,0,0,1,0,0,0,0.07692307692307693,0,0,0,0,0,182
NCT00297024,12,2005,0,3011.0,2,4,0,2.70805020110221,1,1,0,1,7.044905117129371,0,0,0,1,0,0,0,0.038461538461538464,0,0,0,0,0,364
NCT00965224,3,2010,0,3352.0,2,4,0,3.6635616461296463,1,1,0,2,7.789868559054706,0,0,1,1,0,0,0,0.4175824175824176,0,0,0,0,0,91
NCT00965224,6,2010,0,3352.0,2,4,0,3.6635616461296463,1,1,0,2,7.789868559054706,0,0,1,1,0,0,0,0.2087912087912088,0,0,0,0,0,182
NCT00965224,12,2010,0,3352.0,2,4,0,3.6635616461296463,1,1,0,2,7.789868559054706,0,0,1,1,0,0,0,0.1043956043956044,0,0,0,0,0,364
NCT00749723,3,2006,0,3651.0,2,4,0,5.1647859739235145,4,1,0,3,7.067319848653476,1,0,0,54,0,0,0,1.9120879120879122,0,0,0,0,0,91
NCT00749723,6,2006,0,3651.0,2,4,0,5.1647859739235145,4,1,0,3,7.067319848653476,1,0,0,54,0,0,0,0.9560439560439561,0,0,0,0,0,182
NCT00749723,12,2006,0,3651.0,2,4,0,5.1647859739235145,4,1,0,3,7.067319848653476,1,0,0,54,0,0,0,0.47802197802197804,0,0,0,0,0,364
NCT00293280,3,2005,0,730.0,2,4,0,3.7612001156935624,0,1,0,1,7.1770187659099,1,0,0,1,0,0,0,0.46153846153846156,0,0,0,0,0,91
NCT00293280,6,2005,0,730.0,2,4,0,3.7612001156935624,0,1,0,1,7.1770187659099,1,0,0,1,0,0,0,0.23076923076923078,0,0,0,0,0,182
NCT00293280,12,2005,0,730.0,2,4,0,3.7612001156935624,0,1,0,1,7.1770187659099,1,0,0,1,0,0,0,0.11538461538461539,0,0,0,0,0,364
NCT00086827,3,2004,0,914.0,2,1,0,3.6109179126442243,1,1,0,1,8.301769763117166,1,0,0,1,0,0,0,0.3956043956043956,0,0,0,0,0,91
NCT00086827,6,2004,0,914.0,2,1,0,3.6109179126442243,1,1,0,1,8.301769763117166,1,0,0,1,0,0,0,0.1978021978021978,0,0,0,0,0,182
NCT00086827,12,2004,0,914.0,2,1,0,3.6109179126442243,1,1,0,1,8.301769763117166,1,0,0,1,0,0,0,0.0989010989010989,0,0,0,0,0,364
NCT02992886,3,2016,0,1795.0,2,4,0,4.23410650459726,1,1,0,1,7.177782416195197,1,0,0,1,0,0,0,0.7472527472527473,0,0,0,0,0,91
NCT02992886,6,2016,0,1795.0,2,4,0,4.23410650459726,1,1,0,1,7.177782416195197,1,0,0,1,0,0,0,0.37362637362637363,0,0,0,0,0,182
NCT02992886,12,2016,0,1795.0,2,4,0,4.23410650459726,1,1,0,1,7.177782416195197,1,0,0,1,0,0,0,0.18681318681318682,0,0,0,0,0,364
NCT00425386,3,2006,0,2769.0,2,4,0,4.110873864173311,1,1,0,2,8.042699496897637,1,0,0,4,0,0,0,0.6593406593406593,0,0,0,0,0,91
NCT00425386,6,2006,0,2769.0,2,4,0,4.110873864173311,1,1,0,2,8.042699496897637,1,0,0,4,0,0,0,0.32967032967032966,0,0,0,0,0,182
NCT00425386,12,2006,0,2769.0,2,4,0,4.110873864173311,1,1,0,2,8.042699496897637,1,0,0,4,0,0,0,0.16483516483516483,0,0,0,0,0,364
NCT03340883,3,2017,1,601.0,1,0,1,3.091042453358316,1,1,0,8,7.441906728051625,0,0,1,7,0,0,0,0.23076923076923078,0,0,0,0,0,91
NCT03340883,6,2017,1,601.0,1,0,1,3.091042453358316,1,1,0,8,7.441906728051625,0,0,1,7,0,0,0,0.11538461538461539,0,0,0,0,0,182
NCT03340883,12,2017,1,601.0,1,0,1,3.091042453358316,1,1,0,8,7.441906728051625,0,0,1,7,0,0,0,0.057692307692307696,0,0,0,0,0,364
NCT01240941,3,2011,1,669.0,2,4,0,0.0,1,0,0,1,8.913146539151807,1,0,0,0,0,0,0,0.0,0,0,0,0,0,91
NCT01240941,6,2011,1,669.0,2,4,0,0.0,1,0,0,1,8.913146539151807,1,0,0,0,0,0,0,0.0,0,0,0,0,0,182
NCT01240941,12,2011,1,669.0,2,4,0,0.0,1,0,0,1,8.913146539151807,1,0,0,0,0,0,0,0.0,0,0,0,0,0,364
NCT05972720,3,2023,1,612.0,2,0,1,4.624972813284271,3,1,0,1,6.897704943128636,1,0,0,31,0,0,0,1.10989010989011,0,0,0,0,0,91
NCT05972720,6,2023,1,612.0,2,0,1,4.624972813284271,3,1,0,1,6.897704943128636,1,0,0,31,0,0,0,0.554945054945055,0,0,0,0,0,182
NCT05972720,12,2023,1,612.0,2,0,1,4.624972813284271,3,1,0,1,6.897704943128636,1,0,0,31,0,0,0,0.2774725274725275,0,0,0,0,0,364
NCT00510224,3,2007,1,762.0,2,4,0,2.6390573296152584,1,1,0,1,7.338888133838879,1,0,0,1,0,0,0,0.14285714285714285,0,0,0,0,0,91
NCT00510224,6,2007,1,762.0,2,4,0,2.6390573296152584,1,1,0,1,7.338888133838879,1,0,0,1,0,0,0,0.07142857142857142,0,0,0,0,0,182
NCT00510224,12,2007,1,762.0,2,4,0,2.6390573296152584,1,1,0,1,7.338888133838879,1,0,0,1,0,0,0,0.03571428571428571,0,0,0,0,0,364
NCT06289023,3,2016,0,2556.0,2,4,0,3.713572066704308,1,1,0,1,6.705639094860003,0,0,0,1,0,0,0,0.43956043956043955,0,0,0,0,0,91
NCT06289023,6,2016,0,2556.0,2,4,0,3.713572066704308,1,1,0,1,6.705639094860003,0,0,0,1,0,0,0,0.21978021978021978,0,0,0,0,0,182
NCT06289023,12,2016,0,2556.0,2,4,0,3.713572066704308,1,1,0,1,6.705639094860003,0,0,0,1,0,0,0,0.10989010989010989,0,0,0,0,0,364
NCT00183924,3,2001,0,2832.0,2,4,0,3.044522437723423,0,1,0,0,8.83695515733143,1,0,0,1,0,0,0,0.21978021978021978,0,0,0,0,0,91
NCT00183924,6,2001,0,2832.0,2,4,0,3.044522437723423,0,1,0,0,8.83695515733143,1,0,0,1,0,0,0,0.10989010989010989,0,0,0,0,0,182
NCT00183924,12,2001,0,2832.0,2,4,0,3.044522437723423,0,1,0,0,8.83695515733143,1,0,0,1,0,0,0,0.054945054945054944,0,0,0,0,0,364
NCT04593862,3,2021,0,995.0,2,4,0,3.258096538021482,2,1,0,1,6.905753276311464,0,0,0,1,0,0,0,0.27472527472527475,0,0,0,0,0,91
NCT04593862,6,2021,0,995.0,2,4,0,3.258096538021482,2,1,0,1,6.905753276311464,0,0,0,1,0,0,0,0.13736263736263737,0,0,0,0,0,182
NCT04593862,12,2021,0,995.0,2,4,0,3.258096538021482,2,1,0,1,6.905753276311464,0,0,0,1,0,0,0,0.06868131868131869,0,0,0,0,0,364
NCT03194542,3,2017,0,1706.0,2,0,1,4.564348191467836,1,4,1,1,9.13399913871946,1,0,0,47,0,0,0,1.043956043956044,0,0,0,0,0,91
NCT03194542,6,2017,0,1706.0,2,0,1,4.564348191467836,1,4,1,1,9.13399913871946,1,0,0,47,0,0,0,0.521978021978022,0,0,0,0,0,182
NCT03194542,12,2017,0,1706.0,2,0,1,4.564348191467836,1,4,1,1,9.13399913871946,1,0,0,47,0,0,0,0.260989010989011,0,0,0,0,0,364
NCT00682786,3,2002,0,2861.0,2,4,0,4.912654885736052,2,1,0,1,7.251344983372214,1,0,0,1,0,0,0,1.4835164835164836,0,0,0,0,0,91
NCT00682786,6,2002,0,2861.0,2,4,0,4.912654885736052,2,1,0,1,7.251344983372214,1,0,0,1,0,0,0,0.7417582417582418,0,0,0,0,0,182
NCT00682786,12,2002,0,2861.0,2,4,0,4.912654885736052,2,1,0,1,7.251344983372214,1,0,0,1,0,0,0,0.3708791208791209,0,0,0,0,0,364
NCT00156286,3,2002,0,1492.0,2,4,0,3.044522437723423,0,1,0,1,7.956476798036782,1,0,0,1,0,0,0,0.21978021978021978,0,0,0,0,0,91
NCT00156286,6,2002,0,1492.0,2,4,0,3.044522437723423,0,1,0,1,7.956476798036782,1,0,0,1,0,0,0,0.10989010989010989,0,0,0,0,0,182
NCT00156286,12,2002,0,1492.0,2,4,0,3.044522437723423,0,1,0,1,7.956476798036782,1,0,0,1,0,0,0,0.054945054945054944,0,0,0,0,0,364
NCT03647969,3,2018,0,2081.0,2,4,0,5.572154032177765,4,1,0,2,8.913550280493675,1,0,0,27,0,0,0,2.879120879120879,0,0,0,0,0,91
NCT03647969,6,2018,0,2081.0,2,4,0,5.572154032177765,4,1,0,2,8.913550280493675,1,0,0,27,0,0,0,1.4395604395604396,0,0,0,0,0,182
NCT03647969,12,2018,0,2081.0,2,4,0,5.572154032177765,4,1,0,2,8.913550280493675,1,0,0,27,0,0,0,0.7197802197802198,0,0,0,0,0,364
NCT00518869,3,2007,1,822.0,2,0,1,2.6390573296152584,2,1,0,2,6.85751406254539,1,0,0,10,0,0,0,0.14285714285714285,0,0,0,0,0,91
NCT00518869,6,2007,1,822.0,2,0,1,2.6390573296152584,2,1,0,2,6.85751406254539,1,0,0,10,0,0,0,0.07142857142857142,0,0,0,0,0,182
NCT00518869,12,2007,1,822.0,2,0,1,2.6390573296152584,2,1,0,2,6.85751406254539,1,0,0,10,0,0,0,0.03571428571428571,0,0,0,0,0,364
NCT00096291,3,2000,0,1855.0,2,4,0,4.143134726391533,2,1,0,1,7.4489161025442,0,0,0,2,0,0,0,0.6813186813186813,0,0,0,0,0,91
NCT00096291,6,2000,0,1855.0,2,4,0,4.143134726391533,2,1,0,1,7.4489161025442,0,0,0,2,0,0,0,0.34065934065934067,0,0,0,0,0,182
NCT00096291,12,2000,0,1855.0,2,4,0,4.143134726391533,2,1,0,1,7.4489161025442,0,0,0,2,0,0,0,0.17032967032967034,0,0,0,0,0,364
NCT00306891,3,2006,0,823.0,2,0,1,4.110873864173311,4,1,0,2,5.393627546352362,1,0,0,4,0,0,0,0.6593406593406593,0,0,0,0,0,91
NCT00306891,6,2006,0,823.0,2,0,1,4.110873864173311,4,1,0,2,5.393627546352362,1,0,0,4,0,0,0,0.32967032967032966,0,0,0,0,0,182
NCT00306891,12,2006,0,823.0,2,0,1,4.110873864173311,4,1,0,2,5.393627546352362,1,0,0,4,0,0,0,0.16483516483516483,0,0,0,0,0,364
NCT00006459,3,2000,0,1918.0,3,0,1,0.0,0,1,0,0,7.905072849498666,1,0,0,31,0,0,0,0.0,0,0,0,0,0,91
NCT00006459,6,2000,0,1918.0,3,0,1,0.0,0,1,0,0,7.905072849498666,1,0,0,31,0,0,0,0.0,0,0,0,0,0,182
NCT00006459,12,2000,0,1918.0,3,0,1,0.0,0,1,0,0,7.905072849498666,1,0,0,31,0,0,0,0.0,0,0,0,0,0,364
NCT04346888,3,2020,0,397.0,2,0,1,3.4339872044851463,3,1,0,1,7.883069351305753,1,0,0,1,0,0,0,0.32967032967032966,0,0,0,0,0,91
NCT04346888,6,2020,0,397.0,2,0,1,3.4339872044851463,3,1,0,1,7.883069351305753,1,0,0,1,0,0,0,0.16483516483516483,0,0,0,0,0,182
NCT04346888,12,2020,0,397.0,2,0,1,3.4339872044851463,3,1,0,1,7.883069351305753,1,0,0,1,0,0,0,0.08241758241758242,0,0,0,0,0,364
